6437812.90,0.00,0.00,0.00,0.00,0.00,0.00,0.00,0.00,0.00,0.00,0.00,0.00,0.00,0.00,0.00,2353034.39,294.99,440118.23,424720.39,1.07,376.75,6866.48,0.00,0.00,1.09,0.00,0.00,0.00,0.00,0.00,0.00,0.00,0.00,0.00,0.00,0.00,11.28,0.00,0.18,40762469.55,0.00,8546275.66,0.00,0.00,74718.43,0.00,229.84,0.00,0.00,0.00,0.00,0.00,0.00,3663335.61,0.00,0.00,2427.48,895559.99,0.00,0.00,518.55,0.00,576501.31,0.00,0.00,0.00,104.96,0.00,0.00,0.00,1973.74,27601.38,0.00,0.00,2.21,24.41,0.00,0.00,0.00,0.00,0.00,0.00,0.00,0.00,0.00,0.00,0.00,0.00,0.00,0.00,0.00,0.00,0.00,0.00,0.00,0.00,0.00,0.00,0.00,0.00,0.00,0.00,0.00,0.00,0.00,0.00,39584.49,392.48,0.00
0.00,424014.22,0.00,0.00,0.00,0.00,0.00,0.00,0.00,0.00,0.00,0.00,0.00,0.00,0.00,0.00,47975.13,4.37,4100.98,37071.99,389.98,3129.22,66763.68,0.00,43.73,196.83,0.00,0.00,0.00,226533.36,0.00,0.00,20.07,0.00,0.00,0.00,0.00,174.26,0.00,43.44,0.00,5552064.79,22253.17,960084.51,41527.84,223791.04,880.43,32240.01,461.01,1080.93,0.66,0.00,0.00,0.00,0.00,0.00,0.00,0.00,0.00,0.00,0.00,0.00,0.00,0.00,0.00,0.00,0.00,0.00,0.00,0.00,0.00,0.00,0.00,0.00,0.00,0.00,0.00,0.00,0.00,0.00,0.00,0.00,0.00,0.00,0.00,0.00,0.00,0.00,0.00,0.00,0.00,0.00,0.00,12887.07,73275.40,0.00,239.57,245.24,0.00,0.00,0.00,0.00,0.00,0.00,0.00,20674.13,0.00,1236.14,168.47,0.00
0.00,0.00,28807.91,0.00,0.00,0.00,0.00,0.00,0.00,0.00,0.00,0.00,0.00,0.00,0.00,0.00,71.31,0.01,9.76,244.81,0.56,1.17,105.75,0.00,0.00,0.00,0.00,0.00,0.00,0.00,0.00,0.00,0.00,0.00,0.00,0.00,0.00,109.02,4550.10,246.41,134.28,0.00,0.00,0.00,136763.21,453.37,24882.64,195.11,0.15,0.00,0.00,0.00,0.00,0.00,0.00,0.00,0.00,0.00,0.00,0.00,0.00,0.00,0.00,0.00,0.00,0.00,0.00,0.00,0.00,0.00,0.00,0.00,0.00,0.00,0.00,0.00,0.00,0.00,0.00,0.00,0.00,0.00,0.00,0.00,0.00,0.00,0.00,0.00,0.00,0.00,0.00,0.00,0.00,22.68,1348.24,0.00,3.82,40.91,0.00,0.00,0.00,0.00,0.00,0.00,0.00,0.00,0.00,0.00,0.00,0.00
0.00,0.00,0.00,627683.06,0.00,0.00,0.00,0.00,0.00,0.00,0.00,0.00,0.00,0.00,0.00,0.00,30538.14,3.09,5495.80,16210.98,21.87,433.27,54.25,0.00,0.00,0.00,0.00,0.00,0.00,5220.19,0.00,0.00,0.00,0.00,0.00,721.32,5624.88,6071.54,233.95,713.24,0.51,5127542.74,53916.05,2730.32,384900.16,34483.21,4773.95,199.98,0.00,0.00,0.00,0.00,0.00,0.00,0.00,0.00,0.00,0.00,0.00,0.00,0.00,0.00,0.00,0.00,0.00,0.00,0.00,0.00,0.00,0.00,0.00,0.00,0.00,0.00,0.00,0.00,0.00,0.00,0.00,0.00,0.00,0.00,0.00,0.00,0.00,0.00,0.00,31.93,10.76,0.00,0.00,0.03,0.00,13779.43,243774.31,0.00,18.00,198.08,0.00,0.00,0.00,0.00,0.00,0.00,0.00,10398.76,0.00,2192.99,7.06,0.00
0.00,0.00,0.00,0.00,223970.97,0.00,0.00,0.00,0.00,0.00,0.00,0.00,0.00,0.00,0.00,0.00,83963.26,7.64,8816.03,1.63,16.08,140.81,489.18,10.01,0.00,0.00,0.00,0.00,0.00,2282.24,0.00,0.00,0.00,0.00,0.00,398.01,9189.87,53677.39,0.00,17.26,0.00,61186.19,66.86,5455.58,265646.93,1544.74,249.58,1419.20,0.46,0.00,0.00,0.00,0.00,282.88,0.00,0.00,0.00,0.00,20877.79,17899.70,0.00,0.00,0.00,0.00,0.00,0.00,0.00,0.00,0.00,0.00,0.00,413.15,0.00,0.00,0.00,0.00,0.00,0.00,0.00,0.00,0.00,0.00,0.00,0.00,0.00,0.00,0.00,0.00,0.00,0.00,0.00,0.20,10.32,545.84,894946.05,0.00,51.69,2570.70,0.00,0.00,0.00,0.00,0.00,0.00,0.00,269439.72,0.00,1061.71,71.25,0.00
0.00,0.00,0.00,0.00,0.00,2472049.82,0.00,0.00,0.00,0.00,0.00,0.00,0.00,0.00,0.00,0.00,0.00,0.00,0.00,35.94,0.08,33.08,282.26,0.00,2.98,0.00,0.00,0.00,0.00,0.00,0.00,0.00,0.22,0.00,0.00,0.00,0.00,0.50,44.44,213.34,0.00,0.00,0.00,7732019.07,11.94,41232.57,2006.26,488.03,0.16,0.00,0.00,0.00,0.00,0.00,0.00,0.00,0.00,0.00,0.00,0.00,0.00,0.00,0.00,0.00,0.00,0.00,0.00,0.00,0.00,0.00,0.00,0.00,0.00,0.00,0.00,0.00,0.00,0.00,0.00,0.00,0.00,0.00,0.00,0.00,0.00,0.00,0.00,0.00,0.00,0.00,0.00,0.04,0.00,706.14,11305.27,0.00,105.30,4.77,0.00,0.00,0.00,0.00,0.00,0.00,0.00,0.00,0.00,23.83,148.84,0.00
0.00,0.00,0.00,0.00,0.00,0.00,7470.97,0.00,0.00,0.00,0.00,0.00,0.00,0.00,0.00,0.00,0.00,0.00,0.00,82.81,0.17,46.64,0.00,0.00,0.72,0.00,27.83,0.00,0.00,0.00,0.00,0.00,0.08,0.00,0.00,0.00,0.00,2.17,59.97,5358.51,0.00,0.00,0.00,1536.10,0.27,0.00,2134.77,22999.59,235773.34,0.00,0.00,0.00,0.00,0.00,0.00,0.00,5.52,0.00,0.00,0.00,0.00,74.70,0.00,21.92,0.00,0.00,0.00,0.00,0.00,0.00,0.00,0.00,0.00,0.00,0.00,2.86,0.00,0.00,0.00,0.00,0.00,0.00,0.00,0.00,0.00,0.00,0.00,0.00,0.00,0.00,0.00,0.00,0.00,0.00,0.00,0.00,4.06,1759.78,0.00,0.00,0.00,0.00,0.00,0.00,0.00,0.00,0.00,1310.51,63.64,0.00
0.00,0.00,0.00,2.90,278.36,0.00,1.62,21.78,0.00,0.00,0.00,0.00,0.00,0.00,0.00,0.00,3450.01,0.36,1.85,89.49,0.01,434.02,0.00,0.00,0.00,0.00,4.08,0.00,0.00,0.00,0.00,0.00,0.00,0.00,18.38,17.79,4432.69,5.52,1781.19,1771.38,0.00,5536.37,29.25,2165.34,1812.34,6.01,388.04,0.82,265.69,329.94,0.00,0.00,0.00,11889.87,0.00,0.00,1521.20,0.00,9897.47,309.89,0.53,0.00,0.00,17.96,0.00,4.76,0.00,0.00,0.00,0.00,0.00,1231.63,305.58,0.00,0.00,0.27,0.00,0.00,0.00,0.00,0.00,0.00,0.00,0.00,0.00,0.00,0.84,0.11,0.00,0.00,0.00,0.00,0.00,3.87,15.14,0.00,143.54,171.31,0.00,0.00,0.00,0.00,0.00,0.00,1554.73,177.71,0.00,195.65,187.94,1091.19
0.00,0.00,0.00,0.00,1190.76,0.00,0.00,0.00,379636.74,0.00,0.00,0.00,0.00,0.00,0.00,0.00,56853.45,5.17,5474.24,0.00,22.39,0.00,0.00,20.37,0.00,0.00,0.00,0.00,0.00,0.00,0.00,0.00,0.00,0.00,0.00,0.00,179181.86,594575.58,0.00,0.00,0.00,508743.65,52378.15,0.00,617313.49,303.99,1086857.04,580.23,0.00,0.00,0.00,0.00,0.00,0.00,0.00,0.00,0.00,0.00,0.00,178305.39,0.00,0.00,0.00,65258.02,0.00,0.00,0.00,0.00,0.00,0.00,0.00,550.01,0.00,0.00,0.00,0.00,0.00,0.00,0.00,0.00,0.00,0.00,0.00,0.00,0.00,0.00,0.00,0.00,0.00,0.00,0.00,0.00,0.00,267537.51,1773523.01,0.00,0.00,0.00,0.00,0.00,0.00,0.00,0.00,0.00,0.00,1019425.77,0.00,2285.40,0.00,0.00
0.00,0.00,0.00,0.00,0.00,0.00,0.00,0.00,0.00,16787.45,0.00,0.00,0.00,25.25,5.79,10.44,343.62,0.50,36.57,4005.22,0.04,9.91,3922.63,0.00,0.00,0.00,0.00,0.00,0.00,0.00,0.00,0.00,0.00,0.00,0.00,165.71,0.00,47.56,47121.01,6.44,3145.95,721.89,4.46,928.19,189.19,83.35,2034.93,81.15,6.29,0.00,0.09,0.00,0.00,0.00,0.00,0.00,0.00,0.00,188410.71,181892.84,0.00,34527.76,0.00,13.94,0.00,0.00,0.00,0.80,0.02,0.00,0.00,0.00,199.05,2.76,0.00,0.00,55.70,0.00,0.00,0.00,0.00,0.00,0.00,0.00,0.00,0.00,3856.26,2.08,0.00,1755.21,0.00,0.25,0.00,73.86,1923.23,0.00,28.16,132.04,0.00,0.00,0.00,0.00,0.02,0.00,10380.72,624.76,9824.94,166.54,1519.13,708.01
0.00,0.00,0.00,0.00,0.00,0.00,0.00,0.00,662.59,0.00,280470.73,0.00,0.00,0.00,0.00,0.00,0.00,0.00,0.00,0.00,0.00,0.00,0.00,0.00,0.00,0.00,0.00,0.00,0.00,0.00,0.00,0.00,0.00,0.00,0.00,10191.47,440.66,50181.72,7468602.64,881198.20,0.00,370644.76,2808916.71,780900.12,168443.25,3539.11,1717.23,0.00,0.00,0.00,0.00,0.00,0.00,0.00,0.00,0.00,259244.66,0.00,263520.52,0.00,0.00,0.00,1193.15,0.00,0.00,0.00,0.00,0.00,0.00,0.00,0.00,0.00,3702.77,0.00,0.00,0.00,0.00,0.00,0.00,0.00,0.00,0.00,0.00,0.00,0.00,0.00,0.00,1589.05,0.00,0.00,0.00,0.00,0.00,9619.93,716650.09,0.00,0.00,0.00,0.00,0.00,0.00,0.00,0.00,0.00,0.00,42333.57,0.00,629.49,0.00,0.00
0.00,0.00,0.00,0.00,0.00,0.00,0.00,0.00,0.00,0.00,0.00,83541.94,0.00,0.00,0.00,0.00,0.00,0.00,0.00,0.00,0.00,0.00,0.00,0.00,0.00,0.00,0.00,0.00,0.00,0.00,0.00,0.00,0.00,0.00,0.00,0.00,0.00,0.00,0.00,0.00,0.00,1712517.53,0.00,0.00,310126.29,0.00,663.91,0.00,0.00,42125.73,211921.60,0.00,0.00,0.00,0.00,0.00,0.00,0.00,0.00,761.68,287.71,0.00,0.00,0.00,0.00,0.00,0.00,0.00,0.00,0.00,0.00,0.00,0.00,0.00,0.00,0.00,0.00,0.00,0.00,0.00,0.00,0.00,0.00,0.00,0.00,0.00,0.00,0.00,0.00,0.00,0.00,0.00,0.00,0.00,1306.36,0.00,0.00,0.00,0.00,0.00,0.00,0.00,0.00,0.00,0.00,0.00,0.00,0.00,0.00,0.00
0.00,0.00,0.00,0.00,0.00,0.00,0.00,0.95,0.00,0.00,0.00,0.00,402.47,0.00,0.00,0.00,0.00,0.00,0.00,0.00,0.00,0.00,0.00,0.00,0.00,0.00,0.00,0.00,0.00,0.00,0.00,0.00,0.00,0.00,0.00,0.00,0.00,79.51,4.11,7163.65,4467.25,32852.27,0.00,13305.36,189277.16,2718.73,10426.03,96.20,8.33,0.00,0.00,0.00,0.00,0.00,0.00,0.00,0.00,0.00,9037.94,12155.05,0.00,1348.27,0.00,0.00,0.00,0.00,9.01,0.00,0.00,0.00,0.00,0.00,0.00,0.00,0.00,0.00,28.93,0.00,0.00,0.00,0.00,0.00,0.00,0.00,0.00,0.00,0.00,0.00,0.00,0.00,0.00,5.26,0.00,0.00,55.51,0.00,102.42,1373.63,0.00,0.00,0.00,0.00,0.00,0.00,0.00,0.00,0.00,158.16,55.15,0.00
0.00,0.00,0.00,0.00,0.00,0.00,0.00,0.00,0.00,0.00,0.00,0.00,0.00,18884.81,0.00,0.00,0.00,0.00,0.00,0.00,0.00,0.00,0.00,0.00,0.00,0.00,0.00,0.00,0.00,0.00,0.00,0.00,0.00,0.00,0.00,0.00,0.00,492.84,0.00,0.00,0.00,182820.14,0.00,901720.60,463019.00,0.00,78714.33,0.00,1212.00,0.00,0.00,0.00,0.00,0.00,0.00,0.00,0.00,0.00,0.00,0.00,0.00,0.00,0.00,19.56,14.12,0.00,0.00,0.00,0.00,0.00,0.00,0.00,0.00,0.00,0.00,0.00,0.00,0.00,0.00,0.00,0.00,0.00,0.00,0.00,0.00,0.00,0.00,0.00,0.00,0.00,0.00,0.00,0.00,0.00,10245.77,0.00,0.00,36.73,0.00,0.00,0.00,0.00,0.00,0.00,0.00,718.97,0.00,0.00,0.00,0.00
0.00,0.00,0.00,0.00,0.00,0.00,0.00,0.00,0.00,0.00,0.00,0.00,0.00,0.00,3686.64,0.00,0.00,0.00,0.00,0.00,0.00,0.00,0.00,0.00,0.00,0.00,0.00,0.00,0.00,0.00,0.00,0.00,0.00,0.00,63.10,0.00,0.00,0.00,0.00,0.00,0.00,620.94,0.00,0.00,825.79,0.00,1811.65,0.00,210.53,0.33,0.00,1.96,83383.19,0.00,0.00,0.00,9829.55,0.00,0.00,0.00,1245425.10,236.37,0.00,0.00,0.00,28.17,0.00,0.00,0.00,0.00,0.00,0.00,9.05,0.00,0.00,0.00,0.00,0.00,0.00,0.00,0.00,0.00,0.00,0.00,0.00,0.00,0.00,0.00,0.00,0.00,0.00,0.00,0.00,0.00,0.00,0.00,0.00,0.54,0.00,0.00,0.00,0.00,0.00,0.00,0.00,0.00,0.00,0.00,0.00,0.00
0.00,0.00,0.00,0.00,0.00,0.00,0.00,0.00,0.00,0.00,0.00,0.00,0.00,0.00,0.00,11030.96,0.00,0.00,0.00,0.00,0.00,0.00,0.00,0.00,0.00,0.00,0.00,0.00,0.00,0.00,0.00,0.00,0.00,0.00,0.00,0.00,0.00,2.59,768785.60,4.05,0.00,1347.55,916.20,378161.30,0.00,0.00,232911.74,3226396.01,34176.47,0.00,55.47,0.00,0.00,0.00,0.00,0.00,0.00,0.00,0.00,7766.70,0.00,0.00,0.00,0.00,0.00,0.00,0.00,0.00,0.00,0.00,0.00,0.00,0.00,0.00,0.00,0.00,0.00,0.00,0.00,0.00,0.00,0.00,0.00,0.00,0.00,0.00,0.00,0.00,0.00,0.00,0.00,0.00,0.00,72.10,2190.08,0.00,0.00,1131.59,0.00,0.00,0.00,0.00,0.00,0.00,0.00,0.00,0.00,154.78,0.00,0.00
185681.13,36534.42,2730.27,16163.40,1039.97,0.00,0.00,0.00,788.29,0.00,492.53,312.12,4.79,0.00,0.00,296.03,1476740.03,0.00,0.00,0.00,0.00,0.00,0.00,0.00,0.00,0.00,0.00,0.00,0.00,0.00,0.00,0.00,0.00,0.00,0.00,2108815.02,0.00,0.00,0.00,7.12,0.00,0.00,88.26,932.73,101.63,0.00,0.00,0.00,19.01,1937717.64,426.81,0.00,0.00,0.00,0.00,0.00,0.00,0.00,0.00,0.00,0.00,0.00,0.00,262.22,0.00,0.00,0.00,0.00,0.00,0.00,0.00,0.00,142.74,0.00,0.00,0.00,0.00,0.00,0.00,0.00,0.00,0.00,0.00,0.00,0.00,0.00,1137.85,0.00,0.00,0.00,0.00,0.00,0.00,159.31,648704.91,0.00,14.80,80.94,0.00,0.00,0.00,0.00,0.00,0.00,0.00,234.94,0.00,157.47,0.00,0.00
4233.50,741.93,71.63,287.59,19.26,0.00,0.00,0.00,14.10,0.00,10.88,4.66,0.05,0.00,3.85,4.56,0.00,54.03,0.00,0.00,0.00,0.00,0.00,0.00,0.00,0.00,0.00,0.00,0.00,0.00,0.00,0.00,0.00,0.00,0.00,0.00,0.00,0.00,0.00,0.00,0.00,0.00,0.00,139.34,0.00,0.00,59.32,0.00,0.00,0.00,0.00,0.00,0.10,0.00,9.70,6218.85,0.00,0.00,0.00,2880.92,0.00,0.00,99.73,0.00,26054.57,0.00,0.00,0.00,0.00,0.00,0.58,0.00,1.55,0.00,0.00,0.00,0.44,0.00,0.00,0.00,0.00,0.00,0.00,0.00,0.00,0.00,17.22,0.00,0.00,0.00,0.00,0.00,0.00,8.48,33.15,0.00,0.00,0.00,0.00,0.00,0.00,0.00,0.00,0.00,0.00,4.74,0.00,3.07,0.00,0.00
152918.24,25217.20,1293.48,21638.27,1396.41,0.00,26628.17,0.00,1068.82,0.00,0.00,0.00,0.00,0.00,0.00,0.00,0.00,0.00,697227.53,17292.14,40.82,49.78,8340.84,0.00,12502.20,0.00,0.00,0.00,0.00,0.00,0.00,0.00,0.00,0.00,0.00,1436018.98,0.00,493.33,147002.90,2802.09,11242.11,1349.58,0.00,706378.54,597.99,15405.76,73396.83,580.93,527.03,45.19,0.00,1328.56,47728.97,0.00,0.00,0.00,1178780.85,73.92,0.00,253499.51,0.00,179983.18,16516.22,1928.59,6.30,0.00,0.00,9.33,1.39,0.00,55.95,0.00,154.41,14.38,0.00,43398.24,8485.82,0.00,0.00,0.00,0.00,0.00,0.00,0.00,0.00,0.00,1037.58,0.00,0.00,6.33,48.92,1.28,0.00,4625.34,780680.44,0.00,146.63,103.11,0.00,0.00,0.00,0.00,0.09,0.00,0.00,391.53,146016.29,2594.98,1156.46,3718.57
15672.00,6754.73,438.30,374.79,54.75,185.84,146.13,5.91,0.00,0.00,0.00,0.00,2.17,10.16,0.13,0.00,17.42,0.00,0.00,572860.38,0.00,0.00,125459.95,0.00,0.00,0.00,0.00,0.00,0.00,0.00,0.00,0.00,0.00,0.00,0.00,6284148.50,952035.06,0.00,0.00,0.00,0.00,0.00,33397.98,0.00,2.65,0.00,0.00,0.00,0.00,0.00,0.00,0.00,0.00,0.00,0.00,0.00,0.00,0.00,0.00,0.00,0.00,0.00,0.00,0.00,0.00,0.00,0.00,0.00,0.00,0.00,0.00,0.00,19437.73,0.00,0.00,0.00,5.82,0.00,0.00,0.00,0.00,0.00,0.00,0.00,0.00,0.00,0.00,163.70,0.00,5.26,108.43,0.00,0.00,2226.18,2266214.30,0.00,8.85,6491.18,0.00,0.00,0.00,0.00,98.47,0.00,0.00,75466.59,0.00,351.91,72.02,0.00
28648.84,11683.11,989.09,837.57,610.70,270.81,217.01,8.48,321.19,0.00,0.00,0.00,3.85,12.16,0.11,0.00,21.52,3.62,0.00,0.00,2200.38,0.00,0.00,0.00,0.00,0.00,0.00,0.00,0.00,0.00,0.00,0.00,0.00,0.00,0.00,4909.80,0.00,0.00,0.00,0.00,0.00,0.00,22010.40,0.00,0.00,0.00,0.00,0.00,0.00,0.00,0.00,0.00,0.00,0.00,0.00,0.00,0.00,0.00,0.00,9324.21,0.00,0.00,0.00,0.00,0.00,0.00,0.00,0.00,0.00,0.00,0.00,0.00,30.36,0.00,0.00,0.00,5.06,0.00,0.00,0.00,0.00,0.00,0.00,0.00,0.00,0.00,0.00,10.93,26.29,2.54,137.53,0.00,0.00,13248.24,41864.09,0.00,37.78,26.59,0.00,0.00,0.00,0.00,0.00,0.00,0.00,54719.04,0.00,7.42,112.62,0.00
1422.48,513.84,358.81,1633.33,2670.02,27.70,21.62,0.88,1548.85,0.00,0.00,0.00,0.00,0.00,0.00,0.00,0.00,0.00,0.00,0.00,0.00,18804.21,0.00,0.00,0.00,0.00,0.00,0.00,0.00,0.00,0.00,0.00,0.00,0.00,0.00,2657.40,61426.07,0.00,0.00,6974876.91,0.00,0.00,0.00,0.00,0.00,0.00,1923.72,0.00,0.00,0.00,0.00,0.00,0.00,0.00,0.00,0.00,0.00,0.00,0.00,0.00,1.58,0.00,0.00,0.00,0.00,0.00,0.00,0.00,0.00,0.00,0.00,0.00,148.24,0.00,0.00,0.00,0.69,0.00,0.00,0.00,0.00,0.00,0.00,0.00,0.00,0.00,0.00,320.10,117.90,1.05,10.10,0.00,0.00,298006.86,1451655.76,0.00,28.33,860.95,0.00,0.00,0.00,0.00,0.00,0.00,0.00,268547.24,0.00,0.84,11.86,0.00
0.00,0.00,568.61,3942.05,4664.50,0.00,0.00,0.00,2762.63,0.00,0.00,0.00,0.00,0.00,0.00,0.00,2294.75,0.00,0.00,0.00,0.00,0.00,31377.93,0.00,0.00,306.76,0.00,0.00,0.00,0.00,0.00,0.00,0.00,0.00,0.00,4799.33,634827.60,2668.32,0.00,6244.27,0.00,0.00,989975.66,0.00,104433.08,0.00,0.00,0.00,0.00,0.00,0.00,0.00,0.00,0.00,0.00,0.00,0.00,0.00,0.00,80916.04,0.00,0.00,0.00,0.00,0.00,0.00,0.00,0.00,0.00,0.00,0.00,0.00,263.46,0.00,0.00,0.00,214.08,0.00,0.00,0.00,0.00,0.00,0.00,0.00,0.00,0.00,0.00,711.14,220.64,0.00,0.00,0.76,0.00,999.94,1374841.39,0.00,33.41,6123.18,0.00,0.00,0.00,0.00,0.00,0.00,0.00,479720.35,0.00,397.45,42.90,0.00
27437.16,6142.46,521.86,2164.84,163.85,14.43,204.79,6.56,31.73,0.00,0.00,22.17,0.00,104.82,0.00,0.00,0.00,0.00,0.00,0.00,0.00,0.00,0.00,90.40,0.00,0.00,0.00,0.00,0.00,0.00,0.00,0.00,0.00,0.00,0.00,0.00,0.00,544.16,0.00,0.00,0.00,0.00,0.00,0.00,1798.94,0.00,0.00,0.00,0.00,0.00,0.00,8722.98,0.00,0.00,0.00,0.00,0.00,0.00,0.00,162.37,0.00,0.00,0.00,231.95,0.00,0.00,0.00,0.00,0.00,0.00,0.00,0.00,4.41,0.00,0.00,0.00,3.37,0.00,0.00,0.00,0.00,0.00,0.00,0.00,0.00,0.00,130.67,0.00,0.00,0.00,0.00,0.51,47.81,73.16,277.98,0.00,2003.82,1139.98,0.00,0.00,0.00,0.00,0.00,0.00,0.00,40.47,0.00,2929.56,0.00,0.00
1331411.09,453952.33,114864.27,202677.58,18453.31,21122.88,2344.71,276.46,13831.92,2.57,75941.52,399.39,0.00,2475.12,24405.24,22894.96,122063.83,0.59,0.00,272.80,0.00,1317.41,37061.95,0.00,320.59,0.00,0.00,0.00,0.00,41284.95,0.00,0.00,0.00,854957.44,0.00,0.00,0.00,45.49,0.00,0.00,0.00,570561.43,0.00,0.00,0.00,0.00,0.00,0.00,20.48,0.00,0.00,0.00,0.00,0.00,0.00,0.00,0.00,0.00,0.00,0.00,0.00,0.00,0.00,0.00,0.00,0.00,0.00,0.00,0.00,0.00,0.00,0.00,0.00,0.00,0.00,0.00,2.54,0.00,0.00,0.00,0.00,0.00,0.00,0.00,0.00,0.00,0.00,0.00,0.00,0.00,0.00,2.33,33.11,179.37,0.00,0.00,6961.56,6105.19,608.67,0.56,0.00,5878.10,0.00,6692.21,0.00,0.00,0.00,2201.42,101965.39,0.00
241.88,116.49,78.44,44.13,0.00,2.53,25.52,0.81,0.00,0.00,0.00,0.00,1.47,0.00,0.00,0.00,0.00,0.00,0.00,0.66,0.00,0.00,0.00,0.00,0.00,257.75,0.00,0.00,0.00,0.00,0.00,0.00,0.01,83.51,0.00,0.00,0.00,7.61,3.18,0.00,0.00,47.31,0.00,0.00,1157.51,0.00,243.26,0.00,180.72,0.00,0.00,70.32,0.00,3854055.07,0.00,0.00,0.00,0.00,3606.07,236.82,0.00,0.00,0.00,13777.32,0.00,985.86,0.00,0.00,0.06,217.31,523.00,390454.05,109.36,0.00,0.00,0.00,0.42,0.00,0.00,0.00,0.00,0.00,21.13,0.00,0.00,5.42,0.00,0.00,0.00,0.00,0.00,0.48,5.74,0.00,1041.10,0.00,2.16,535.58,0.00,0.00,0.00,802.48,262.17,0.00,3463.15,77.21,0.00,364.65,4244.87,0.00
3340.57,1542.80,184.55,83.41,8.84,64.41,63.66,2.07,0.00,0.04,1020.88,198.43,3.19,713.80,121.26,29.45,833.66,0.08,190.48,0.00,0.00,0.00,0.00,0.25,0.00,0.00,8380.10,0.00,0.00,0.00,0.00,0.00,0.00,2880.70,27555.36,0.00,34391.83,1177.34,2657.19,0.00,0.00,0.00,0.00,16445.01,0.00,0.00,0.00,0.00,195.80,0.00,0.00,76.08,0.00,3250016.78,1274698.29,0.00,32980.87,0.00,8921.36,320.71,0.00,0.00,141.77,11922.56,0.00,1068.10,0.00,0.00,0.06,247.10,0.00,864046.71,11013.52,0.00,0.00,0.00,0.24,0.00,0.00,0.00,0.00,0.00,0.00,0.00,0.00,0.00,0.00,0.00,0.00,0.72,16.68,0.00,0.00,687.95,1120.92,0.00,5.41,3.70,0.00,0.00,0.00,876.44,0.00,0.00,3799.58,79.72,0.00,1.48,4537.82,0.00
0.00,0.00,18.79,0.00,0.00,0.00,0.00,0.00,0.00,0.00,0.00,0.00,0.00,0.00,8.62,6.91,0.00,0.00,0.00,0.00,0.00,0.00,0.00,0.00,0.00,0.00,0.00,4038.07,0.00,0.00,0.00,0.00,0.00,0.00,2383.28,0.00,10.36,0.00,0.00,0.00,0.00,0.00,0.00,446.62,0.00,0.00,0.00,0.00,0.00,0.00,0.00,84.80,0.00,348200.08,12944.20,0.00,0.00,0.00,9126.96,25527.45,384.77,0.00,45.78,144.83,0.00,848.18,13.97,0.00,0.00,27.35,0.00,53979.08,1503.00,0.00,0.00,0.00,0.00,0.00,0.00,1834.63,0.00,0.00,0.00,0.00,0.00,0.00,0.00,0.00,0.00,0.00,0.00,0.00,0.00,57.96,1556.27,0.00,0.00,0.00,0.00,0.00,0.00,0.00,1.32,0.00,0.00,0.00,0.00,0.92,15143.62,0.00
51.74,54.59,30.47,4.52,1.87,0.00,0.00,0.00,0.00,0.00,0.00,0.00,0.00,0.00,0.10,0.00,0.00,0.00,0.00,0.00,0.00,0.00,0.00,0.00,0.00,0.00,0.00,0.00,339952.25,0.00,0.00,0.00,0.00,0.00,0.00,845.76,1149758.89,0.38,41.78,0.00,0.00,0.00,2379.47,0.00,65552.59,206.39,0.00,0.00,0.00,0.00,1.98,952.68,0.00,0.00,738.04,0.00,1422466.07,0.00,0.00,12919.30,0.00,244.12,0.00,5.49,0.00,0.00,0.00,286.26,2.60,0.00,43.11,0.00,1461.78,2.56,65808.67,51218.71,11.31,0.00,0.00,0.00,0.00,0.00,0.00,0.00,0.00,0.00,0.00,83.27,134.09,0.00,0.00,0.00,0.00,27338.56,1421066.97,0.00,0.00,26.40,0.00,0.00,0.00,0.00,3.30,0.00,650.57,36244.81,1210.84,3.82,0.47,330.41
139.04,136.90,80.17,11.21,4.63,0.00,0.00,0.00,0.00,0.01,96.24,192.36,28.28,40.60,0.55,270.02,7.79,8.93,101.43,38.58,0.08,47.28,0.00,0.00,0.00,0.00,32.04,0.00,0.00,735469.17,0.00,0.00,0.00,0.00,16.06,164.70,4071177.05,0.00,10557.12,5515.49,162.54,0.00,0.00,0.00,247938.18,25100.57,0.00,0.00,0.00,0.00,5.31,0.00,0.00,0.00,1980.61,0.00,2975017.13,235705.77,0.00,50745.90,0.00,1497.91,228620.85,18.43,0.00,0.00,35.14,615.43,5.65,0.00,115.83,0.00,1191.36,6.87,185597.34,281109.65,2823.84,0.00,0.00,0.00,0.00,0.00,0.00,0.00,0.00,0.00,0.00,341.42,0.00,0.00,0.00,0.00,0.00,50239.74,1030972.24,0.00,240.36,70.51,0.00,0.00,0.00,0.00,3071.05,0.00,1762.20,144005.10,3294.81,751.11,1.25,873.07
0.00,0.00,39.80,0.00,0.00,31.27,16.67,0.89,0.00,0.05,948.77,81.19,13.02,216.12,156.87,338.59,5.37,1.33,0.00,0.00,0.00,0.00,0.00,0.00,0.00,0.00,0.00,0.00,0.00,0.00,3083870.44,6180.59,0.00,0.00,194877.97,0.00,0.00,0.00,6.66,0.00,0.00,0.00,0.00,0.00,0.00,107.09,0.00,0.00,0.00,10.16,0.00,0.00,0.00,0.00,4632.81,0.00,9838755.62,1242003.77,4681.51,16151.06,27.08,540396.45,41499.27,13205.94,1520.70,0.00,23.82,0.16,6.47,17.23,193.04,41.81,188505.32,0.00,4230883.20,439146.54,808.78,0.00,2466775.77,0.00,0.00,21903.65,0.00,110236.41,866029.49,0.00,0.00,0.00,0.00,0.00,0.00,0.00,0.00,0.00,0.00,0.00,42.50,205.44,0.00,0.00,0.00,0.00,0.00,0.00,0.00,0.00,0.00,0.00,5.53,6135.63
0.00,0.00,0.00,0.00,0.00,0.00,0.00,0.00,0.00,0.00,0.00,0.00,0.00,0.00,0.00,0.00,0.00,0.00,0.00,0.00,0.00,0.00,0.00,0.00,0.00,0.00,0.00,0.00,0.00,0.00,0.00,1162325.75,0.00,0.00,0.00,0.00,0.00,3883.29,9334289.40,32.19,45.90,0.00,0.00,0.00,8068.89,0.00,443995.35,3306.83,0.00,0.00,0.00,0.00,0.00,0.00,445448.86,0.00,0.00,0.00,0.00,0.00,0.00,0.00,0.00,13334.03,0.00,0.00,0.00,0.00,0.00,0.00,0.00,0.00,0.00,0.00,0.00,0.00,6731.99,0.00,0.00,0.00,0.00,0.00,0.00,0.00,0.00,0.00,0.00,0.00,0.00,0.00,0.00,162.51,9887.74,0.00,0.00,0.00,171562.29,1892307.91,0.00,0.00,0.00,0.00,0.00,0.00,0.00,0.00,0.00,79816.83,0.00,0.00
0.00,0.00,0.00,0.00,0.00,0.00,0.00,0.00,0.00,0.00,0.00,0.00,0.00,0.00,0.00,0.00,0.00,0.00,0.00,0.00,0.00,0.00,0.00,0.00,0.00,0.00,0.00,0.00,0.00,0.00,0.00,0.00,6054.27,0.00,0.00,0.00,0.00,8.49,721327.71,0.00,0.93,0.00,0.00,0.00,0.00,0.00,54099.03,11985.78,0.00,0.00,0.00,0.00,0.00,0.00,0.00,0.00,0.00,0.00,0.00,0.00,0.00,0.00,0.00,0.00,0.00,0.00,0.00,0.00,0.00,0.00,20833.75,0.00,0.00,0.00,0.00,0.00,176.75,0.00,0.00,0.00,0.00,0.00,0.00,0.00,0.00,0.00,0.00,0.00,0.00,0.00,0.00,21.47,0.00,0.00,0.00,0.00,10156.66,37523.73,0.00,0.00,0.00,0.00,0.00,0.00,0.00,0.00,0.00,10216.07,1233.32,0.00
0.00,0.00,0.00,0.00,0.00,0.00,0.00,0.00,0.00,0.00,0.13,0.12,0.03,0.02,0.00,0.10,109.35,0.02,0.74,0.00,0.00,36.02,31.32,0.00,0.00,0.00,0.00,0.00,76.26,2.91,5661.87,0.05,0.25,133007.13,2497.20,7.73,21477.27,1.59,0.00,0.00,0.00,0.00,0.00,666.92,21268.48,93.80,0.00,0.00,0.00,102.75,22.62,0.00,68.40,3151.94,25281.43,0.00,111990.66,85844.06,1273.98,17790.34,1901.20,107942.24,155545.58,405413.88,2420489.76,293442.37,18.46,15.95,1.40,58.27,0.91,444.97,359.67,0.00,15.39,0.00,57.46,0.00,8690266.09,7567607.91,1087052.75,1933.02,14.71,0.00,0.00,67.33,1072.29,19.88,0.00,0.00,0.00,0.00,0.00,225.18,1.75,0.00,0.00,0.00,0.00,0.00,0.00,0.00,0.00,180134.68,87622.00,0.00,0.00,0.00,0.00,0.00
807.29,124.52,14.64,100.32,45.69,9.31,5.98,0.62,35.33,0.02,2718.14,29.75,5.38,13.12,40.34,63.27,744.85,0.04,31.11,46.32,0.19,11.44,3.11,0.00,12.21,0.99,70.59,3.96,5899.72,363.36,0.00,0.17,0.04,1705.45,282.31,47.45,303.24,18.00,151.69,124.86,18.16,506.29,1059.93,1101.60,2501.50,71.42,343.13,545.87,595.04,126.07,60.69,3.06,1259.34,16252.56,6924.11,405.53,4281.97,2279.37,2506.04,541.70,2503.98,30120.07,0.00,1293.89,3872.55,6132.64,94.33,87.72,4.36,32.10,39.87,8203.68,263.24,24.37,105655.11,2.03,25.56,135.38,18463.73,44541.48,3545.10,1088.22,12.28,8666.42,12954.05,85.87,36723.75,3781.96,282.01,1.38,86.73,67.19,356.77,14.07,613.00,700.16,406.62,3.26,52.47,0.01,66.70,855.13,80.34,4861.47,39.14,0.89,0.99,0.94,1819.70,11.86
0.00,0.00,0.00,0.00,0.00,0.00,0.00,0.00,0.00,0.00,0.00,0.00,0.00,0.00,0.00,0.00,0.00,0.00,0.00,0.00,0.00,0.00,0.00,0.00,0.00,3.90,0.00,0.00,0.00,34824.78,0.00,0.00,0.00,5925.70,0.00,171332.31,1198.88,0.00,0.76,0.00,0.00,0.00,42433.57,0.00,688.78,1210.02,339.87,182.98,0.00,29.54,82.18,22991.44,15169.56,175.82,0.00,58.56,6309.71,10623.55,0.00,376832.66,228887.26,3.41,45309.69,128.40,26.09,122436.59,83284.77,7459.12,16014.77,243470.84,69514.03,57.58,1112.42,275.71,95582.99,316.59,201.67,0.00,0.00,0.00,0.00,0.00,95303.10,1579522.82,303074.24,0.00,0.00,867.83,119.14,0.00,0.00,0.00,0.00,134886.39,1376939.84,0.00,172.05,0.00,0.00,0.00,0.00,0.00,0.00,548225.27,0.00,306077.41,166163.70,790.21,0.00,0.00
0.00,0.00,0.00,0.00,0.00,0.00,0.00,0.00,0.00,0.00,0.00,0.00,0.00,0.00,0.00,0.00,0.00,0.00,0.00,0.00,0.00,0.00,0.00,0.00,0.00,0.00,0.00,0.00,0.00,549963.75,0.00,0.00,0.00,0.00,0.00,19251.23,5754635.81,158488.75,0.00,0.00,0.00,0.00,0.00,0.00,73500.22,468877.34,0.00,3739.22,0.00,0.00,0.00,0.00,191.50,1173.28,2400554.85,23736.92,0.00,0.00,0.00,0.00,0.00,0.00,0.00,0.00,9.60,0.00,0.00,0.15,0.00,0.00,0.00,0.00,1437.98,0.00,0.00,0.00,1049.92,0.39,0.00,0.00,0.00,0.00,0.00,0.00,0.00,0.00,0.00,25359.88,1406.84,0.00,0.00,290.98,0.00,699064.87,7603.43,0.00,166393.58,334664.45,0.00,0.00,0.00,0.00,0.00,508853.36,0.00,116893.71,0.00,135592.56,9127.78,0.00
0.00,0.00,0.00,0.00,0.00,0.00,0.00,0.00,0.00,0.00,0.00,0.00,0.00,0.00,0.00,0.00,35449.24,0.00,0.00,0.00,0.00,93352.32,0.00,0.80,0.00,0.00,0.00,0.00,0.00,0.00,0.00,0.00,56.59,0.00,65.86,1392.51,43852.72,4968.83,358.26,9094.22,0.00,0.00,12799.02,0.00,654452.18,27572.44,16546.88,0.00,0.00,0.00,0.00,0.00,0.00,0.00,0.00,0.00,0.00,0.00,0.00,757.57,0.00,0.00,0.00,0.00,0.00,0.00,0.00,0.00,0.00,0.00,0.00,0.00,0.00,0.00,0.00,0.00,0.00,0.00,0.00,0.00,0.00,0.00,0.00,0.00,0.00,0.00,0.00,279.64,221.11,0.00,0.00,21.35,314.17,12846.22,15494.55,0.00,5573.17,3231.22,0.00,0.00,0.00,0.00,0.00,12885.26,0.00,8004.42,0.00,2962.45,0.00,0.00
0.00,0.00,0.00,0.00,0.00,0.00,0.00,5.10,0.00,0.00,0.00,0.00,0.00,0.00,0.00,0.00,0.00,0.00,0.00,0.00,0.00,0.00,0.00,0.00,0.00,0.00,0.00,0.00,0.00,0.00,0.00,0.00,326.56,0.00,96011.19,16221.46,54091.12,6486.06,10962385.41,1624219.08,0.00,1930.96,3298405.56,404.40,1962322.75,1779873.88,5562.25,149230.81,0.00,0.00,0.00,0.00,0.00,0.00,0.00,0.00,412905.16,87495.36,6484802.85,2665768.88,5825.81,0.00,0.00,1.82,0.00,39.97,0.00,0.00,0.00,1163.37,0.00,0.00,144.66,0.00,0.00,0.00,131.48,0.00,0.00,0.00,0.00,0.00,0.00,0.00,0.00,0.00,0.00,1874.28,520.81,0.00,0.00,982.70,2106.93,141839.10,1973529.18,0.00,87099.35,170.55,0.00,0.00,0.00,0.00,0.00,80765.62,0.00,46706.09,0.00,1433.43,3150.13,0.00
0.00,0.00,0.00,0.00,0.00,0.00,0.00,0.00,0.00,0.00,0.00,0.00,0.00,0.00,0.00,0.00,0.00,0.00,0.00,491.91,0.00,0.00,0.00,0.00,7480.75,0.00,31.30,0.00,0.00,0.00,0.00,0.00,0.00,0.00,0.00,0.00,678.72,150.68,4026.32,4079551.01,0.00,3336.21,446823.81,0.00,52244.33,0.00,85499.23,7374.73,777.73,0.00,0.00,0.00,0.00,0.00,0.00,0.00,0.00,0.00,0.00,3343.15,0.00,0.00,163.84,13.05,0.00,0.00,0.00,0.00,0.00,0.00,0.00,0.00,0.00,0.00,0.00,0.00,0.00,0.00,0.00,0.00,0.00,0.00,0.00,0.00,0.00,0.00,0.00,878.60,89.33,0.00,0.00,9.11,278.43,29311.97,93659.57,0.00,1345.79,292.24,0.00,0.00,0.00,0.00,0.00,15274.06,0.00,24295.08,0.00,227.48,0.00,0.00
0.00,0.00,0.00,0.00,0.00,0.00,0.00,0.00,0.00,0.00,0.00,0.00,0.00,0.00,0.00,0.00,0.00,0.00,47.56,7646.62,406.70,0.00,8481.36,0.00,0.00,0.00,0.00,0.00,0.00,0.00,0.00,0.00,0.00,0.00,0.00,0.00,0.00,754.95,2673.38,4726.85,437181.57,320742.65,995398.03,367.17,483303.28,133767.46,189247.69,256262.14,0.00,13.21,0.00,0.00,0.00,0.00,623.24,0.00,72834.12,0.00,0.00,130434.65,17216.94,175744.14,128576.07,27278.01,103.27,0.00,0.00,0.02,0.00,0.00,0.70,0.00,68.10,0.00,141038.91,0.00,5.99,0.00,0.00,0.00,0.00,0.00,0.00,0.00,0.00,0.00,0.00,75443.48,6785.69,0.00,0.00,32.87,353.03,2456.52,19953888.42,0.00,7998.76,20036.66,0.00,0.00,0.00,0.00,0.00,3360253.99,0.00,2626252.36,0.00,255.59,571.35,98.16
0.00,0.00,0.00,0.00,0.00,0.00,0.00,0.00,0.00,0.00,0.00,0.00,0.00,0.00,0.00,0.00,305957.61,33.92,7.18,1545.74,0.00,0.00,38006.45,0.39,0.00,0.00,0.00,0.00,0.00,0.00,0.00,0.00,0.00,0.00,1511.37,30557.99,41758.35,209.58,134.24,5496.08,0.00,1602799.48,4441680.66,3854.54,3457348.51,465304.44,1059663.17,308.91,359.02,622.48,941.09,0.00,26.09,3818.65,517939.30,0.00,1061488.59,488.69,0.00,224434.58,383.86,0.00,0.00,37.67,0.00,383.31,0.00,0.00,0.00,0.00,0.00,0.00,633.33,0.00,0.00,0.00,0.00,0.00,0.00,0.00,0.00,127.51,0.00,0.00,0.00,0.00,0.00,4269.32,0.00,0.00,0.00,18.72,73.56,44859.65,105229.75,0.00,2008.04,1155.14,0.00,0.00,0.00,0.00,0.00,31427.61,0.00,15241.09,0.00,566.75,0.00,0.00
0.00,0.00,0.00,0.00,0.00,0.00,0.00,0.00,0.00,0.00,0.00,0.00,0.00,0.00,0.00,0.00,0.00,0.00,0.00,0.00,0.00,0.00,2569.53,0.03,0.00,180.00,0.00,0.00,0.00,0.00,0.00,0.00,0.00,0.00,0.00,0.00,0.00,0.00,0.00,102219.56,0.00,525.25,10151856.57,0.00,70214.22,1088.56,53821.44,44488.30,4143.71,0.00,0.00,0.00,0.00,0.00,0.00,0.00,0.00,44.65,10941.92,59810.71,23121.58,134132.01,0.00,597.53,0.00,0.00,0.00,50.27,0.00,0.00,0.00,19609.79,0.00,0.00,0.00,0.00,6.51,0.00,0.00,0.00,0.00,0.00,0.00,0.00,0.00,0.00,0.00,578853.57,39859.63,0.00,1407.13,30454.00,10625.55,1712237.69,7346792.04,532382.93,320.01,467986.91,0.00,0.00,0.00,0.00,0.00,836499.90,0.00,322157.30,0.00,119946.67,0.00,0.00
0.00,0.00,0.00,0.00,0.00,0.00,724.93,0.00,0.00,0.00,0.00,269.01,38.77,0.00,0.00,0.00,64579.88,5.88,0.00,1847.25,4.64,0.23,181.74,7.46,0.00,282.23,6.72,0.00,0.00,0.00,0.00,0.00,0.00,0.00,1964.71,713.72,1646.75,4419.98,55863.65,90589.22,0.75,870.83,877713.37,287053.58,6100438.65,124.22,387264.69,54198.25,32772.45,110.09,3367.54,14.00,28.10,436.32,0.00,1.33,30263.89,12983.93,0.00,220285.13,107.07,0.00,1635.94,1682.48,5.50,1582.28,4.34,1.13,0.07,0.00,5.42,0.00,0.00,0.00,0.00,0.00,21.19,0.00,0.00,0.00,0.00,0.00,0.00,0.00,0.00,0.00,2756.56,16802.05,1327.52,11562.37,10.53,60.52,0.00,227.71,216135.08,0.00,2136.93,863.53,0.00,0.24,0.00,0.00,0.00,69880.23,0.00,125680.30,0.00,234.86,0.00,0.00
0.00,0.00,0.00,0.00,0.00,0.00,0.00,0.00,0.00,0.00,0.00,220.93,0.00,0.00,0.00,0.00,4298.47,0.02,39.96,0.00,0.00,0.00,0.00,0.00,0.00,0.00,0.00,0.00,0.00,0.00,0.00,0.00,0.00,0.00,1607.75,2189.71,23402.49,634.96,0.00,11718.87,0.00,725.60,873232.68,2769.28,2563987.34,201.38,23881.94,54.10,2483.66,3.56,3.54,5.47,0.00,0.00,2.09,0.00,59452.56,0.00,21922.98,368474.13,61.92,7.13,0.00,4.98,9.86,1815.82,0.00,0.00,0.00,19.16,0.00,0.00,0.00,0.00,0.00,24.77,0.00,0.00,0.00,0.00,0.00,0.00,0.79,0.00,0.00,0.00,0.00,7725.11,139.48,0.00,0.00,388.35,649.79,3460.43,482955.86,0.00,2322.19,1793.86,207.62,0.00,0.00,0.00,37.79,29992.94,0.00,16448.26,0.00,200.70,0.00,0.00
0.00,0.00,0.00,0.00,0.00,0.00,0.00,1.77,0.00,0.00,0.00,229.94,0.00,3.00,0.36,0.00,488315.99,51.32,82552.48,22532.09,6491.90,46520.10,114860.12,61.03,0.00,0.00,53.02,0.00,457885.89,1969140.01,0.00,0.00,0.00,0.00,0.00,0.00,0.00,9.96,27.48,867.99,180.69,6032.30,0.00,0.00,9031.82,222932.44,157993.83,3.25,1891.44,2.74,16.03,0.82,0.00,652.28,0.00,0.00,0.00,0.00,0.00,2499.81,0.00,0.00,888.48,22.57,0.18,0.00,0.00,0.00,0.00,0.00,9.35,0.34,0.16,0.40,0.00,0.00,0.00,0.00,0.00,0.00,0.00,0.00,0.00,0.00,0.00,0.00,0.00,0.00,0.00,16.75,70.87,99.44,303.87,108.86,0.24,0.00,4.34,741.00,0.00,0.48,0.00,0.00,1299.49,185158.15,0.00,709.25,0.00,1581.25,0.00,0.00
0.00,0.00,0.00,0.00,0.00,0.00,0.00,0.00,0.00,0.00,0.00,0.00,0.00,75.67,0.00,0.00,0.00,0.00,0.00,332.97,0.03,16.60,0.00,0.00,0.00,0.00,0.00,0.00,0.00,0.00,0.00,0.00,0.00,0.00,4.01,0.00,24.36,1187.12,11994.39,11755.16,0.00,23998.19,12154.91,19523.89,987565.75,529.59,1969857.97,4147.98,6363.41,86.12,112.74,1.31,0.00,21.08,238.30,0.00,8.60,0.67,8046.16,195227.78,0.00,6161.19,22327.37,35529.21,7491.27,0.00,79.94,7.01,8.20,0.00,280.58,286.01,411.36,0.00,24082.97,0.00,0.00,0.00,0.00,0.00,0.00,0.00,0.00,0.00,0.00,0.00,0.00,63843.30,3084.11,462650.42,884.54,18626.31,980.46,4624.13,1436204.48,0.00,2085.88,50990.96,7710.82,15.72,371297.10,3376.29,0.00,418862.34,0.00,16067.86,0.00,39288.67,762.38,0.00
0.00,0.00,0.00,0.00,0.00,0.00,5524.66,0.00,0.00,0.00,0.00,0.00,0.00,0.00,0.00,0.00,0.00,0.00,9816.76,2163778.09,5154.76,1962034.44,1930260.29,105.95,1190395.73,625993.11,762250.57,0.00,0.00,0.00,0.00,839789.38,313933.71,0.00,0.00,0.00,0.00,0.00,0.00,0.00,0.00,0.00,0.00,0.00,0.00,0.00,0.00,37360456.28,0.00,0.00,0.00,0.00,0.00,0.00,0.00,0.00,0.00,0.00,0.00,0.00,0.00,128125.68,0.00,0.00,0.00,0.00,0.00,0.00,0.00,0.00,0.00,0.00,0.00,0.00,0.00,0.00,0.00,0.00,0.00,0.00,0.00,0.00,0.00,0.00,0.00,0.00,267184.07,2651172.06,477076.50,10356195.03,0.00,0.00,0.00,22753.87,6972999.37,0.00,0.00,0.00,0.00,0.00,0.00,2556429.72,0.00,0.00,0.00,3301285.53,0.00,0.00,205501.24,0.00
0.00,0.00,0.00,0.00,0.00,0.00,0.00,0.00,0.00,0.00,0.00,0.00,0.00,0.00,0.00,0.00,0.00,0.00,0.00,0.00,0.00,0.00,0.00,0.00,0.00,0.00,0.00,0.00,0.00,0.00,0.00,0.00,0.00,0.00,0.00,0.00,0.00,0.00,0.17,25.98,0.00,184.78,0.00,0.00,51.15,48.51,5980.88,12163558.97,618247.49,87.65,0.00,0.00,0.00,0.00,0.00,0.00,2129.18,0.00,0.00,0.29,0.00,30.11,0.74,53.93,0.00,0.00,0.00,0.01,0.04,7.67,0.00,106.42,0.41,20.10,0.00,2.07,2.35,0.00,0.00,0.00,0.00,0.00,0.00,0.00,0.00,0.00,0.00,0.00,0.00,0.00,0.00,154.62,288.68,1781.18,8.23,0.00,36.01,2013.48,0.00,0.13,42.65,196.11,1.65,9303.65,151.30,125.07,0.00,18.36,2309.32,0.00
9264.92,420.37,276.25,2227.29,2494.54,29.69,160.81,5.20,2750.39,1.34,55.61,525.16,13.20,91.55,465.87,146.83,498.07,0.05,88.58,84.75,0.00,0.00,0.00,0.00,0.00,19.34,88.15,136.29,24210.90,4687.11,0.00,0.47,0.06,5129.71,44525.21,95.02,1306.34,1.19,231.87,218.50,45.70,0.00,102.52,0.00,13345.41,0.00,0.00,6.41,50.12,347484.44,224652.97,3622.02,102650.12,77344.83,41121.88,6400.36,22306.67,8015.87,33535.14,21183.66,279906.95,70060.45,5356.61,3679.64,260.30,157813.79,1687.62,1293.15,38.75,113.94,341.27,698071.73,6160.39,10.88,0.00,0.00,0.00,0.00,0.00,84.13,0.00,3002.08,8326.18,31976.39,125458.09,2302.76,15358.54,3136.10,170.87,3841.16,12.06,202.86,1803.20,955.81,126352.54,126533.37,4848.62,9.97,1431.91,3.26,1509.45,5225.49,5915.70,79870.45,313154.71,23584.60,1585.32,227.43,15046.81,489.40
0.00,0.00,0.00,0.00,0.00,0.00,0.00,0.00,0.00,0.00,0.00,3.05,0.00,0.00,0.00,0.00,0.00,0.00,0.00,0.00,0.00,0.00,0.00,0.00,0.00,0.00,0.00,0.00,0.00,0.00,21.17,0.05,0.00,3.18,0.00,0.00,0.00,0.00,0.00,0.00,0.00,0.00,4.25,0.00,0.00,0.00,0.00,0.00,0.00,131335.55,7953.33,0.00,13.60,0.00,0.00,13.72,0.00,0.00,0.00,83.95,0.00,3808.03,0.00,0.00,0.00,6.01,0.00,0.00,0.00,0.00,0.07,76.11,1.10,0.00,0.00,0.87,0.05,7.98,0.00,0.00,0.00,1021.86,209.42,0.00,0.00,0.00,1868.19,41.16,6.32,329.88,19.19,373.66,0.00,12.69,7166.32,304.73,55.00,0.09,1967.05,0.02,615.73,0.00,0.00,4908.87,5393.67,92.76,364.14,0.37,4546.29,0.00
0.00,0.00,0.00,0.00,0.00,0.00,0.00,0.00,0.00,0.00,0.00,26.94,0.00,0.00,0.22,0.00,8.87,1.50,0.00,0.00,0.00,0.00,0.00,0.00,0.00,0.00,0.00,0.00,0.00,0.00,125.94,6.37,1.49,0.00,93.84,0.63,0.00,0.00,84.94,1.22,3.11,20.26,0.00,0.00,52.88,0.00,3.79,0.00,0.00,320.87,280.57,21502.27,298730.35,169766.90,17265.10,2000.58,1241.92,255.82,568.45,0.00,2988.95,76987.99,80481.74,1207.37,5989.74,10755.22,350.66,9.59,11.05,15.13,859.24,5131.43,1373.55,10.19,7902.42,47537.56,316.42,23.18,0.00,0.00,0.00,62.09,1815.03,1.76,0.00,0.00,54.17,782.55,697.89,533.72,2037.33,74.09,83.77,196.33,0.67,8474.14,49.52,891.58,2620.14,101.71,274.89,357.75,3.36,24441.84,12649.27,2052.27,59130.06,631.77,377.64,595.37
22745.84,2260.70,1289.95,318.40,47.07,1045.39,10195.35,600.05,0.18,1.21,497.45,3760.80,7.13,496.91,5.94,160.47,63.87,127.05,1391.09,106.66,0.25,101.74,353.42,0.00,0.00,0.00,0.00,0.00,1904.20,143.33,6606.44,2026.18,5.91,0.00,26620.52,40.55,0.00,112.57,55.92,0.00,0.00,808.80,12049.11,0.00,89.56,0.00,23206.05,0.00,0.00,30.32,6.24,3267.81,212890.41,106796.13,71418.48,143697.11,301367.10,31156.35,151353.62,159882.36,4296.32,104053.42,24596.85,3249.52,15662.45,29165.64,1400.61,0.00,174.38,206.29,64861.49,7530.99,8110.93,19513.88,228986.28,46258.96,621.62,427.71,0.00,0.00,0.00,67082.85,29461.76,0.00,0.00,60290.32,604710.86,7365.22,66.77,8965.60,1598.91,1259.22,1549.99,808.41,5.67,98461.18,468.47,17933.53,3448.11,0.00,39145.53,0.00,0.00,104105.10,108589.12,24758.54,6692.79,30.11,242.75,859.00
0.00,46.34,0.00,27.63,56.71,0.00,10.03,0.24,374.28,1.44,51.07,19.59,57.51,60.86,0.00,15.59,0.00,0.00,0.00,11.42,0.44,0.00,0.00,1.25,0.00,0.00,0.00,0.00,5947.80,848.83,209946.18,0.00,0.00,3084.71,7265.45,0.29,359.04,1.25,38.30,882.51,0.00,0.00,301.99,0.00,2075.69,0.00,1235.95,0.00,4.91,41.78,48.71,22.00,94.76,2026972.61,62268.78,1802.52,103421.04,45928.28,3000.63,0.00,999.54,12026.52,1219.61,2686.26,0.00,12937.21,936.85,27.86,3.31,270.16,626.51,709095.49,19058.16,1.58,0.00,59.09,0.67,0.00,8309418.79,10918501.68,3704891.54,16359.80,291.99,12452.22,13191.60,0.00,88.20,1861.61,0.00,189.52,2860.83,28.26,153.32,177.03,316.38,470.72,105.73,1076.45,108.59,12.58,155.04,5403.64,2.03,6869.18,12119.21,1977.82,11492.56,40.82,211.05,2094.54
0.00,0.00,0.00,0.00,0.00,6.56,37.50,1.00,5.12,0.07,174.25,74.27,43.37,1.28,25.52,97.46,0.00,0.00,0.00,0.00,0.17,0.00,370.96,0.00,0.00,0.00,47.06,3.82,69.81,2002.28,0.00,15.24,0.21,1434.80,3158.61,2128.84,19324.76,13.94,592.88,849.52,34.45,2078.68,6623.50,14100.22,1351.16,0.00,34778.06,22529.72,3544.53,7350.32,140.66,202.11,7328.47,820750.59,1089163.92,244133.58,2120.79,46782.35,586493.00,24428.80,2666.04,244255.70,166.75,10918.75,424.98,23562.07,1421.67,1.02,7.49,59.95,889.53,27136.95,3822.53,60.82,4553978.63,342.11,52.71,0.00,4008940.52,480.50,92998.91,69480.92,1187.72,45240.52,7293.82,391.27,14899.21,547.76,145.10,733.84,267.84,1038.95,5513.03,85.90,14411.29,144672.12,46123.06,266.41,33630.32,46.50,19638.16,275307.70,11571.25,1948260.58,1263995.11,3598.53,4760.29,1563.58,362.98,283.14
0.00,0.00,0.00,0.00,0.00,3.04,3.65,0.03,0.00,0.00,14.01,7.31,0.09,1.21,5.92,0.00,0.00,0.00,0.00,0.00,0.00,3.73,11.09,0.00,0.00,0.00,10.25,0.00,440.44,0.00,0.00,2.42,0.01,143.47,491.56,29.50,181.20,3.03,115.43,1040.82,4.62,1138.45,451.14,1366.74,69.97,0.00,1944.26,2318.44,0.00,0.00,59.08,0.00,0.00,0.00,374.28,4358.45,0.00,87.33,18631.94,176.01,230.29,11423.79,1892.10,1314.22,1385.91,4287.56,1585.12,139.18,3.38,5.99,7.65,22.36,2.24,0.00,1113.66,0.00,1.64,0.00,0.00,0.00,0.00,8008.24,71.37,3501.22,101391.41,207.22,1831.87,787.85,73.86,5976.62,24.12,375.08,4.29,709.97,429.95,25314.16,6899.22,6.81,233.34,10.46,771.05,18787.63,464.89,128277.76,148372.12,434.74,571.15,92.06,446.66,0.00
0.00,1.07,0.00,0.00,0.00,57.28,70.68,35.29,0.13,2.06,0.00,12263.49,12.96,70.49,29611.47,97.67,0.11,0.00,0.28,0.00,0.00,0.00,0.20,0.00,0.00,0.00,3.24,0.00,0.00,0.00,0.00,11.34,31.63,59249.90,587902.89,858.34,92366.01,991.41,98562.82,21177.12,0.05,656.94,20245.79,190571.59,1052450.44,2156.03,41084.72,844.88,26711.95,34349.86,29731.83,3723.81,180072.10,108815.57,5559218.22,6472.78,4024260.03,1062072.01,6380698.88,342774.82,1875640.08,10808231.31,1198.25,399805.15,48455.99,450910.21,7180.40,134340.26,158.04,14319.35,3608.55,65769.28,590388.46,4069.13,4033.61,4585.84,1511.31,50325.31,10509.08,0.00,0.00,0.00,1291.02,20717.73,9389.04,100.86,5058.63,1704.53,162.20,10345.80,6.11,97.06,0.00,6908.79,554.75,0.43,0.29,0.37,0.94,0.18,0.19,36771.15,5983.14,789311.44,3623264.16,43317.55,257.68,3662.15,46401.90,0.80
349736.04,143222.72,20877.36,116120.14,12166.39,7087.28,1225.75,69.75,11987.08,12.88,50285.05,27435.50,1746.62,14288.65,10495.35,44009.18,10.64,0.55,16.97,0.00,0.00,0.00,0.00,0.00,0.00,8.24,31.05,1490.93,1092.26,6222.53,11.80,0.39,0.98,0.00,3239.14,15.81,710.69,173.36,1746.63,19.28,10.70,309.86,579.43,722.82,4393.53,14105.33,1293.41,167.26,1634.23,6835.70,28.37,479.16,16.86,192.99,1447.12,845.99,242591.15,156857.96,285551.49,13353.29,17478.96,31683.21,7735.47,1214.24,207.59,37448.16,2.12,80.79,63.32,37.24,487.07,11014.44,9.64,81.39,13290.43,2604.30,288.95,69.47,386565.00,0.00,0.00,0.00,6371.19,13.54,3499.69,5441.26,2325.43,15691.23,165.89,214.81,2500.22,21.81,179.87,1068.91,62.17,393.02,6.96,267.97,4314.07,1304.30,1047.43,13334.39,401.06,5537.08,164418.61,107513.12,323537.59,155.19,1564.35,20.68
0.00,0.00,0.00,0.00,0.00,0.00,0.00,0.00,0.00,0.00,13.09,25.23,0.46,1.78,0.02,0.54,0.00,0.52,1.74,0.00,0.00,0.00,0.00,0.00,1.18,0.75,0.00,0.00,0.00,4.28,0.00,13.27,8.79,0.00,770.08,263.76,62.37,75.07,3145.71,6742.53,15.76,1513.86,312.98,1594.41,195.55,185.64,56.73,96.07,367.96,3551.33,0.00,1.67,2106.92,4086.03,1144.96,1.54,19037.18,24630.41,9045595.80,78770.67,875.03,9448.08,4848.53,31691374.45,30.07,23211.75,271.73,124.66,31.49,78.50,17088.23,127983.78,11891.55,235.29,5348.62,1.06,0.68,0.00,0.00,0.00,0.00,58380.12,74535.86,0.00,80669.93,3841.72,132198.01,16624.25,555.23,4954.04,1297.77,4435.17,368.74,24430.76,6384.28,9910.88,484.59,357.37,9893.77,787.48,19055.36,5472.59,39903.31,122985.04,78249.02,27626.53,187466.01,65.36,3433807.24,1783.85
0.00,0.00,0.00,0.00,0.00,0.00,0.00,0.00,0.00,0.10,52.64,103.03,0.18,637.51,0.56,6.78,8935.97,555.07,1319.29,11080.97,291.63,2513.28,4808.25,14.36,1858.54,0.00,0.00,0.00,14265.24,84287.84,0.00,0.07,0.04,0.00,7431.01,42.35,5.91,55.81,7214.40,1283.43,1696.35,6718.05,315.53,190.21,976.67,11671.12,100929.99,678.71,1661.12,219.58,242.48,1530.68,3084.51,26845.55,24629.66,17913.70,31517.54,256015.44,7725.52,5655776.41,302260.65,325583.94,1239945.24,5175.96,48497.08,1426316.02,2.64,696.29,1899.83,566.52,12435.92,3460.47,87904.21,4414.83,2732649.19,5434.44,36046.98,462.72,0.00,0.00,872.83,10698.00,134.74,0.00,0.00,28.88,1700.68,686.66,243.78,1454.14,718.48,266.41,173.07,3049.78,328.75,1951.03,613.24,8.86,0.00,0.00,0.00,6116.71,995.29,556696.90,60936.58,308049.32,798361.44,1544.10,2837.49,2275.99
1558169.91,1397768.45,176912.70,78022.74,15335.72,84298.17,90237.56,4745.92,308.34,7.78,215474.79,59898.10,11696.32,47029.99,2524.54,45435.58,136872.37,6491.31,33813.37,0.00,61.19,0.00,0.00,0.00,6.10,0.00,0.00,0.00,359.42,91.60,131149.09,175.69,86.93,9093.99,82054.35,0.00,0.00,0.44,1827.38,491.34,0.00,0.00,0.00,30.44,0.00,0.00,12743.38,102093.32,1527.94,47952.77,193478.70,442.34,2552875.02,7223.57,649.73,54.01,3624.15,0.00,0.00,269803.43,11720864.17,1844271.16,231209.06,6121.63,594.18,57685.79,43244.42,9883.67,699.35,10124.03,120333.13,3750354.61,73959.27,384.65,200561.83,28502.23,19.01,0.00,17257.75,0.00,0.00,571121.97,2101949.65,0.00,28433.79,0.00,398653.64,4493.85,250.19,2932286.41,3371.23,59636.81,562.04,846.07,5119.36,41607.79,6376.01,161.83,7320.01,17.40,22592.94,122865.36,19957.46,90510.35,260183.05,44486.17,39146.16,6039.76,949714.46,620.17
47662.96,38500.33,2491.29,162004.99,2586.07,20.19,1079.74,327.49,266.22,36.66,46017.08,7961.83,3438.51,2279.32,3153.54,42252.15,405.95,0.04,64.41,2841.33,0.00,2758.32,1637.09,0.49,2.96,0.00,0.00,324.23,445435.43,130310.66,0.00,0.00,0.00,758329.53,130628.73,13430.92,3787.35,309.89,41336.82,88364.85,738.88,9650.27,63832.86,164018.57,2520.21,178.24,52194.66,3623.04,10693.43,5142.19,646.25,3090.25,224337.38,84827.83,41135.61,21230.08,43684.04,2141258.75,599105.37,135838.95,437134.27,6161380.74,28074.29,96047.90,100989.92,907498.54,166786.81,72036.26,772845.88,1922.90,26721.96,1055077.72,37770.74,1825.43,2340.90,46271.18,3391.98,202.36,271605.95,288099.24,392358.28,2066378.89,12189.34,7378814.37,8953030.55,0.00,186005.31,51735.51,4195.80,12272.38,5544.31,4773.56,5287.19,1158.53,283487.69,36623.11,9450.55,724.37,4241.58,108.29,9513.81,74474.02,3467.72,270655.74,1022615.13,25023.76,49318.85,15428.27,9385.19,916495.12
13649.91,4612.03,470.86,538.02,14.53,252.93,1286.21,53.08,0.86,0.08,1074.52,1108.99,2399.77,194.02,29.47,159.27,746.00,94.71,1150.66,1098.53,1.42,246.12,1330.28,0.12,97.43,5.63,11.95,768.90,673.95,790.46,1321.93,3601.45,19.28,0.00,263.74,2029.07,702.61,313.73,2959.14,8746.88,288.08,4868.02,32975.31,19161.01,6498.83,4011.01,30845.19,2030.30,1717.00,17783.08,519.13,843.04,285.77,8500.77,2540.13,15713.94,474125.82,42400.62,57371.98,227731.43,88557.55,13409.47,186787.90,1167.44,8764.08,499468.53,452.90,1534.05,613.94,5706.64,21206.12,22906.32,7618.33,15296.05,768389.08,85057.97,2150.94,348.15,969592.58,151.87,27656.22,3618.79,3383.16,135499.11,14403.46,112537.97,429991.84,26476.28,3768.77,79231.24,631294.53,13095.63,37743.25,9.97,1312.59,2860.61,270.13,1229.07,2255.54,1241.55,1407.97,2521.39,101.45,8096.22,55073.03,28417.57,1084.17,10.05,534.92,11195.42
0.00,0.00,0.00,0.00,0.00,0.00,0.00,0.00,0.00,0.13,0.00,0.00,0.00,0.00,0.02,0.00,69.41,0.01,7.52,209.01,0.43,101.28,5052.32,0.03,339.81,138.46,947.97,1859.13,0.00,8076.56,0.00,138.24,71.00,0.00,3799.85,0.00,0.00,0.44,0.49,0.66,0.88,63.98,4743.75,12261.88,32.54,51.78,1.05,2770.44,7.67,99.30,14.07,20.59,306.65,41396.46,265.31,21.07,1615.99,267.62,78979.06,4834.06,1994.74,10020.37,1621.16,788914.78,3337.86,25520.15,870.16,275.35,3.03,151.68,289.32,20126.62,8774.09,64.63,99.64,141.66,9.27,0.00,9901892.10,16612284.82,2971046.71,0.00,696.38,0.00,0.00,0.00,123.46,24.76,20.12,145.12,365.86,45.69,517.94,252.46,164.01,655.04,501.33,10.44,99.16,0.02,486.11,184.83,30.07,7971.89,11394.76,52631.68,18492.52,16823.33,1006.31,15.86
0.00,0.00,0.00,0.00,0.00,0.00,0.00,0.00,0.00,6.89,0.00,0.00,0.00,0.00,0.00,0.00,0.00,0.02,0.00,0.36,0.00,0.15,0.00,0.00,0.00,0.00,0.00,0.69,0.00,0.00,0.00,0.00,0.00,0.00,45550.86,19.74,0.00,0.00,0.00,0.12,0.00,10.64,0.00,0.00,0.00,0.00,0.00,44.44,0.00,374.21,0.00,24.78,7144.11,50348.09,52414.22,57625.93,11000.64,0.00,299607.48,2505.82,28.85,0.00,39301.82,57439.62,22726758.08,9003411.47,91958.84,335.24,6575.34,52962.14,27691.84,778460.42,1855181.13,39786.51,436019.01,70288.38,1070.77,0.70,0.00,0.00,0.00,0.00,4.99,0.00,0.00,0.00,1705.89,25093.94,0.00,7444.78,3291.89,28.13,126.68,29177.19,73.61,4.47,17.03,18.55,240.80,18.49,112.08,481.17,4.72,2218.57,14204.48,694.65,11253.10,261.53,5144.66,10545.99
15657.63,6450.00,414.71,2131.15,31.20,1652.18,241.48,1.63,57.24,0.39,539.06,634.31,122.17,281.85,57.40,107.07,1645.97,22.15,1829.38,17.69,0.00,1.52,244.03,0.00,70.25,39.94,1589.63,58.64,44863.97,0.00,323.68,813.12,20.70,27285.84,38415.77,114.94,12143.12,355.36,130.65,26487.79,247.89,10407.95,3520.79,34.82,1172.86,1835.89,1281.03,15.15,791.21,729.76,192.35,25.50,1614.49,45787.03,10985.82,8444.08,11281.16,793.48,35851.46,10858.73,311450.62,9586.08,166881.24,29551.76,48255.87,7813082.61,18205.53,2821.68,704.99,5675.62,26930.54,846515.80,82758.70,3903.79,137637.01,32708.17,916.68,229.61,1341007.94,2716349.99,884799.64,211.07,13324.53,10426.70,8701.02,286649.98,895947.81,150491.62,124.37,773.12,4781.35,500.05,339.12,2012.54,766.18,189.23,47962.37,1715.12,1328.76,6.07,1240.33,13599.57,2196.82,92899.01,77354.62,11694.98,83549.47,645.70,40972.36,185.74
0.00,0.00,0.00,0.00,0.00,0.00,0.00,0.00,0.00,0.00,0.00,0.00,0.00,0.00,0.00,0.00,0.02,0.00,0.02,0.00,0.00,0.00,0.00,0.00,0.00,0.00,0.98,0.00,0.00,0.00,7727.13,0.03,0.00,11.05,229.05,0.00,0.00,0.00,0.00,0.10,0.00,475.15,0.00,0.00,0.00,1.12,4.15,23.08,8.00,0.00,0.00,0.02,0.00,1081.46,0.00,6.64,293.11,282.61,1330.83,149.99,1.35,5.20,5.01,67.85,26.59,12431.71,10166.08,349.91,1.61,21.27,229.61,44.07,239.78,6.05,1450.35,388.19,2.45,0.01,0.00,0.00,62655.50,7.99,2253.39,0.00,209.79,0.00,7.03,9.18,10.99,57.28,10.17,179.76,0.00,26.32,30.40,6891.27,2702.43,2.79,1081.12,1.18,6.08,373.86,64.43,15474.56,15755.02,279.38,16.01,321.22,17169.44,5.55
0.00,0.00,0.00,0.00,0.00,0.00,0.00,0.00,0.00,0.00,0.96,0.00,0.01,0.06,0.00,0.00,0.92,0.00,0.10,0.05,0.00,0.03,0.00,0.00,0.00,0.00,0.02,0.43,0.00,1.41,154.61,0.49,0.01,225.41,11.52,0.00,0.55,0.00,0.00,1.34,0.00,0.47,0.00,0.00,0.00,0.00,0.00,0.00,0.00,0.00,0.00,0.00,1.71,49.31,699.00,0.00,13.28,208.05,0.00,0.00,4.10,0.00,4.93,2.50,45.38,16.55,1195.50,551.19,7.57,62.26,220.85,6.05,16.79,0.63,0.00,0.00,0.02,0.00,70697.40,49736.64,148730.88,258.74,231.69,1238.00,0.00,0.00,484.29,67.75,0.99,4.19,2.27,35.88,0.00,15.06,77.19,10018.63,423.30,1.09,47.01,0.21,3.35,5.21,15.43,2006.23,601.23,10.26,5.37,5.58,4566.98,0.64
22.41,2.60,9.44,15.01,4.32,0.52,2.75,0.26,2.51,0.02,11.98,0.00,0.17,0.11,3.43,6.05,0.57,0.00,0.07,0.94,0.00,0.00,0.00,0.00,0.00,24.20,248.97,7.90,443.23,1295.80,18377.21,4.37,0.49,26269.11,320.36,0.87,210.73,0.02,0.00,26.76,1.09,53.39,3.16,16.86,1847.94,3.68,2.80,25.93,0.00,160.49,68.96,4.87,197.48,12064.88,1.37,33.05,615.22,0.00,13.90,6.36,1685.00,82.49,1117.72,413.47,2.40,39.43,745.28,173.08,189.87,147.47,229.91,320.44,520.07,2.21,290.31,16.73,6.76,33.49,0.00,0.00,0.00,506.11,741.46,3864.89,968.12,8.32,273.75,86.68,3.93,788.80,4.18,78.76,0.00,2.90,2.05,1538.07,420.30,2.06,38.40,0.19,143.07,1672.27,1536.57,3688.40,1147.52,21.14,10.80,23.14,397.62,0.36
0.00,0.00,0.00,0.00,0.00,0.00,0.00,0.00,0.00,0.02,0.00,0.00,0.00,0.00,0.00,0.00,0.00,0.00,0.00,0.00,0.00,0.00,0.00,0.00,0.00,0.00,0.00,0.00,10981.16,2057.99,10.87,0.00,0.00,0.00,317.63,0.00,0.00,0.00,0.00,0.00,0.00,0.00,0.00,0.18,0.00,0.00,0.00,0.00,0.00,0.80,0.00,5.66,1.85,0.00,0.00,16.90,141.32,143.21,2.95,234.89,13.18,939.78,5432.65,10.54,158.70,27.15,0.69,0.10,47.80,15021.20,14046.21,2087.20,13.45,10399.03,571824.02,3624.04,6832.06,232.97,0.00,0.00,0.00,102630.88,33887.71,0.00,0.00,1338.36,8038.26,16605.48,2907.72,0.00,5.91,0.00,0.00,0.00,0.00,0.23,0.00,0.00,0.00,0.00,0.00,0.00,0.00,11091.32,0.00,0.00,0.00,0.00,0.00,11.77
2352.36,850.21,59.15,1.80,0.26,66.89,6.78,0.76,0.04,0.00,20.41,46.36,4.93,2.43,0.04,16.05,3.07,0.03,8.46,2.42,0.01,2.19,4.79,0.00,0.00,0.00,0.00,0.00,221.22,186.22,203.64,288.01,0.00,0.00,1620.50,226.93,0.00,0.00,1244.39,43.43,0.43,10802.43,134.46,57.65,42.30,0.00,4.16,14.94,63.42,0.00,0.00,7.84,145.84,195.92,6.63,134.03,13960.29,242.34,108.87,1998.63,16.78,1536.24,6471.08,96.88,2304.97,0.00,5276.46,0.44,208.30,677.89,466723.90,8451.77,2514.61,19251.08,1315530.79,89704.40,5549.60,136.41,0.00,0.00,0.00,64.09,105623.02,86779.81,37751.81,1064.50,1371.24,49.80,56.56,240.78,1213.26,677.97,174.81,13.69,6.68,0.19,212.22,15.22,3.07,1537.66,71.71,373.55,5.98,171.58,8923.74,5726.32,18803.11,289.68,614.48,2374.17
0.00,0.00,0.00,0.00,0.00,0.00,0.00,0.00,0.00,0.00,0.00,0.00,0.00,708.05,0.00,0.00,0.00,0.00,0.00,0.00,0.00,0.00,0.00,0.00,0.00,0.00,0.00,0.00,0.00,0.00,0.00,0.00,0.00,42259.76,1499.56,0.64,0.00,0.00,0.00,0.00,0.00,0.00,0.00,0.00,0.00,0.00,0.00,0.00,2.20,435.52,0.00,0.00,0.00,22508.91,0.00,0.00,11325.55,0.00,334.02,3475.14,3937.19,2553.50,21717.22,98.49,1.70,0.00,9.83,1.62,0.61,13.97,15462.32,770066.89,10669.96,1965.65,182541.83,9.94,269.06,8.87,809.70,0.00,40334.72,0.00,3587.98,0.00,91282.33,0.00,3952.81,69.70,0.00,27.81,8.77,431.49,527.32,131.39,44.04,2549.18,102.83,21.85,7911.56,2958.69,327.83,18070.93,36.82,107.43,8566.85,32907.25,155375.91,304.90,10536.68,38022.76
0.00,0.00,0.00,0.00,0.00,0.00,0.00,0.00,0.00,0.00,0.00,0.00,0.23,0.00,0.02,0.20,0.00,0.00,0.02,0.37,0.00,0.21,0.00,0.00,65.56,0.00,0.00,0.00,0.00,0.00,38.58,0.36,0.02,864.65,41.54,73.30,0.00,0.00,44.75,0.16,1.83,14.18,124.48,323.24,710.26,0.00,0.00,0.00,0.00,0.93,323.23,15.47,14.87,1552.23,0.00,205.88,2680.82,1159.39,257.04,211.36,4779.96,0.00,2606.85,2420.76,363.48,2080.98,354.00,374.51,22.01,21.94,20.60,14755.86,74743.63,7186.95,391091.46,9.28,151.76,49.77,9731.20,237336.26,1726.13,2340.76,3200.82,47897.91,350364.76,19.22,888.13,2065.39,31.12,1741.85,1090.63,110.21,40.87,6.59,130.24,319.50,602.25,41.91,9677.12,350.76,753.72,563.43,262.96,22164.50,3344.75,5091.87,4492.75,72.84,787.50,7610.26
117.08,41.53,96.87,75.61,1.76,4.19,34.72,1.08,3.34,0.04,17.81,145.75,3.02,3.65,4.46,0.48,20.43,2.30,135.65,0.25,0.00,0.81,9.05,0.00,2.50,0.00,1.06,0.36,4685.76,796.42,753.46,77.19,19.62,82707.39,550.66,8958.56,1.76,2.14,587.03,2.01,0.07,477.05,567.94,686.65,17.80,17.58,6339.86,1.97,13.57,242.17,2.54,174.95,1087.79,2404.74,1170.24,703.46,100460.96,2.74,1310.78,7265.00,0.93,21.23,24166.33,0.21,1682.54,304.47,2337.82,58.34,57.04,2.74,25.83,10400.36,4190.74,153767.03,1020957.67,944.34,1220.08,33.07,147.05,2178.63,487.10,363.27,0.00,180.81,1384.92,34.84,1143.18,3837.65,111.17,1866.30,1438.95,85.63,161.28,1244.30,60.10,1966.04,11.03,1.24,1417.36,366.07,249.14,584.91,8.03,1654.80,30734.07,5949.56,9041.85,23.83,691.44,697.56
5163.61,3661.17,1405.99,8589.28,297.86,33.34,1.51,0.29,280.56,0.12,0.00,14.33,5.50,63.18,577.99,28.38,228.60,0.02,23.56,6251.73,0.00,2.30,178.23,1.74,4.91,0.00,109654.81,0.00,65736.45,2714.65,0.00,9287.31,154.05,288998.61,16227.12,3298.59,36492.74,893.80,11875.07,14906.42,387.74,56300.88,71246.63,39678.00,223895.92,9415.97,32138.35,16722.53,12809.78,14616.27,12023.99,1094.79,61173.83,428002.73,244700.44,11191.67,292550.44,36559.65,79012.76,80089.18,631.75,17919.54,116235.24,3949.26,534557.86,215701.41,31.54,5.86,8.75,3220.23,36728.60,226647.40,3687.36,147976.37,7571183.64,3282.80,219288.73,5406.04,2997293.31,374353.12,2037092.32,26989.69,77016.69,170260.89,1413429.69,81.51,31350.61,3456899.58,81764.00,135278.62,100311.56,186715.08,548123.53,142587.71,118082.80,3107122.35,1181.34,97.38,26367.13,83.25,50140.17,46935.31,54593.79,707992.01,29415.80,101567.41,214.71,362.79,98077.24,2981.57
0.00,0.00,0.00,0.00,0.00,2.36,7.86,0.08,0.00,0.00,0.00,0.00,5.33,2.38,5.24,209.87,1948.51,0.18,0.00,0.00,0.00,0.00,0.00,0.00,2.87,0.00,0.00,0.00,39807.41,0.00,0.00,0.00,0.00,0.00,0.00,46.94,11293.33,0.00,880.78,13000.20,0.00,16140.10,13782.62,11028.27,18422.66,0.00,0.00,0.00,0.00,0.00,0.00,23.02,0.00,0.00,0.00,0.00,12488.78,0.00,0.00,33121.61,27139.07,240470.73,52987.89,40355.52,1105490.16,446802.16,7106.19,2023.23,3.93,573.67,0.00,153.33,10439.03,221.45,0.00,124906.77,0.00,0.00,0.00,0.00,0.00,10955.39,2.46,15330.63,222131.59,4357.15,3374.50,1306.62,262.47,2837.17,669.56,0.00,0.00,5492.89,717.79,285367.50,10608.93,14.64,541.87,31.24,0.00,40764.18,0.00,29142.27,168357.59,3839.25,0.00,1357.72,90237.44,0.00
184.13,634.65,233.22,557.68,13.67,108.98,62.49,1.49,64.64,0.06,341.79,5.94,0.48,128.52,31.16,11.12,922.80,0.03,133.57,37.52,0.00,4.57,7.11,0.00,0.40,0.00,0.00,137.30,148.06,945.07,0.00,0.00,0.00,861.87,0.00,13.54,208.99,20.38,256.52,461.26,3.09,2799.40,535.22,0.00,164.66,98.21,882.67,0.00,0.40,0.00,0.00,0.17,0.36,1216.70,426.55,6.17,1505.05,0.00,932.99,3734.14,0.00,45.71,368.20,24.26,357.55,0.00,468.15,14.03,49.41,17.52,260.07,518.87,1059.96,2511.61,3369.25,23.85,27741.02,40.13,105560.83,7268.76,6633.71,520.55,93.45,25512.81,69165.18,2990.72,207166.55,2199.85,77.93,180.01,1285.99,765.63,361.34,141.56,2517.21,19027.68,21.50,8.74,282.06,56.61,190.45,2782.98,135.31,816.44,831.64,5018.79,2994.86,259.74,1991.12,133.37
2.97,10.16,6.43,2.19,0.01,0.61,0.28,0.10,0.00,0.00,0.21,27.90,0.04,0.32,1.62,2.43,0.02,0.19,0.00,0.00,0.00,0.00,0.01,0.00,0.11,0.05,0.02,3.09,0.00,0.23,4.54,0.05,0.00,7.29,13.98,63.87,3.25,0.00,0.38,0.46,0.01,28.73,24.38,131.94,0.11,8.74,2.92,0.04,0.42,59.95,0.43,0.51,248.88,69.41,119731.31,2.29,100.90,14.87,1.27,46.64,26.86,8984.47,34.54,130.91,231.67,81.84,0.42,0.65,0.07,0.21,5.10,173.54,12.66,0.08,923.65,149.43,0.57,91.08,2618.62,5.41,18.32,12.97,0.46,3936.24,5964.51,46.98,904.85,74.36,40.95,71.20,371.62,22.04,18.16,191.71,114.34,328.32,22.88,1.76,123.29,0.16,0.53,56.76,0.00,206.71,837.38,64.00,88.39,5.27,210.04,10.61
0.00,0.00,0.00,0.00,0.00,0.00,0.00,4.68,0.00,0.35,1951.24,0.00,155.30,0.00,2789.80,0.00,0.00,0.00,0.00,0.00,0.00,0.00,0.00,0.00,0.00,0.00,0.00,0.00,0.00,0.00,0.00,0.01,0.05,0.00,0.00,0.00,949.26,0.80,210.90,634.52,0.94,5629.93,0.00,5651.28,9353.73,0.00,312.17,686.32,0.00,0.00,0.00,0.00,0.00,0.00,0.00,0.00,0.00,0.00,0.00,0.00,0.00,0.00,0.00,0.00,0.00,0.00,0.00,0.00,0.00,0.00,217.41,0.00,0.00,0.00,0.00,0.00,0.00,0.00,3505376.53,0.00,0.00,0.00,809.92,0.00,0.00,0.00,24728.42,0.00,0.00,0.00,0.00,2018.23,0.00,442.22,0.00,0.00,0.00,0.00,0.00,0.00,533755.92,0.00,5063.96,0.00,0.00,0.00,36.38,3.05,4462.76,0.00
0.00,0.00,0.00,0.00,0.00,0.00,0.00,0.00,0.00,0.00,0.00,0.00,0.00,0.00,0.00,0.00,0.00,0.00,0.00,0.00,0.00,0.00,0.00,0.00,0.00,0.00,0.00,0.00,0.00,0.00,0.00,7.04,21.61,0.00,0.00,0.00,0.00,0.00,0.00,0.00,0.00,0.00,0.00,0.00,0.00,0.00,0.00,0.00,0.00,0.00,0.00,0.00,0.00,0.00,0.00,0.00,0.00,0.00,0.00,0.00,0.00,0.00,0.00,0.00,0.00,0.00,0.00,0.00,0.00,0.00,2210.92,0.00,0.00,0.00,0.00,0.00,0.00,0.00,0.00,9307876.97,0.00,9229.21,0.00,14519.76,18786.68,0.00,0.00,0.00,0.00,0.00,0.00,205332.94,0.00,0.00,0.00,0.00,0.00,0.00,0.00,0.00,0.00,0.00,0.00,16492.03,0.00,0.00,0.00,0.00,0.00,0.00
39052.44,10493.56,1461.67,725.81,223.23,254.97,184.95,0.00,13.32,0.00,0.11,20.95,0.00,272.99,0.00,163.93,3010.59,0.27,0.02,0.01,0.00,0.01,0.01,0.00,0.00,0.00,0.00,0.00,5322.94,32220.21,1999.27,28.01,0.55,7570.48,0.00,0.01,0.00,0.00,0.02,0.03,0.00,0.16,0.00,0.94,0.02,6.42,0.02,0.02,0.03,0.00,0.00,125.80,0.00,0.00,0.00,0.00,0.00,0.00,0.00,0.00,0.00,0.00,33785.08,5683.44,5263.11,41090.23,0.00,261.10,17.07,27.37,0.00,0.00,615.67,0.00,7269765.01,0.00,0.00,0.00,0.02,0.01,318709.16,0.01,0.15,0.20,0.23,13022.88,7174.51,2601.91,493.32,7673.72,5156.31,7717.79,0.06,2610.15,3195.96,801416.56,97363.58,67.64,3388.76,25.37,0.00,42958.87,0.00,2245369.05,531826.17,17397.67,130.12,6024.78,38514.69,0.10
695803.96,199772.67,19534.56,66263.09,23824.23,43222.82,10500.18,407.62,39684.93,1828.68,17184.16,6492.88,723.08,4560.23,847.09,4797.25,186369.88,268.37,40890.84,66138.91,5928.07,42109.71,60184.83,1792.57,13491.48,6736.45,9405.88,761.30,146417.10,540358.62,17273.06,9171.68,3502.61,32279.76,22585.32,426336.75,459469.84,80080.66,336320.41,376880.47,216370.43,378805.65,501269.56,240468.23,703525.83,116873.04,460619.72,6712823.11,364347.94,40505.85,25641.93,173250.03,121298.27,820372.87,345988.20,16616.29,334580.18,94363.79,341660.59,347958.92,513789.58,379539.04,75920.98,435811.54,744001.01,508642.87,20185.00,5780.21,20827.07,21203.98,33128.15,410308.61,78894.34,8271.20,611019.01,27439.01,4550.57,691.00,964081.51,1047332.57,695952.03,122787.62,97834.11,292451.17,306857.57,10235.10,119973.90,57178.87,7542.71,262606.40,9181.89,4984.81,2659.20,101076.97,1540473.71,56022.15,52165.30,43557.87,3564.95,151.88,42727.53,44789.32,2852.61,356075.15,155163.90,405457.95,52160.08,69031.50,104645.16,27950.67
49764.93,4923.42,441.55,6415.02,6.95,52.86,243.75,0.05,5.46,0.29,7965.73,14.20,33.52,58.68,147.95,41.91,19523.32,2.02,0.00,0.00,0.00,0.00,0.00,0.00,0.00,2001.04,0.00,48.15,2105.96,3964.03,1793.96,144.11,12.52,24584.07,1001.65,121.19,20963.23,204.27,5368.18,1659.20,64.22,895.94,16663.52,30964.33,53474.64,20.28,2588.23,96452.16,6790.37,2571.62,1189.90,222.39,9997.66,525542.14,169853.22,2316.05,218313.41,5317.13,56204.87,0.00,0.00,27015.93,1100.47,9224.19,181598.55,249401.29,1943.89,445.39,22.47,89.01,546.71,491.90,1459.43,7.93,0.00,0.00,0.00,0.00,0.00,0.00,0.00,2552.23,9869.12,6201.52,13884.77,2227.71,2051000.93,2952.99,888.79,59966.45,1590.60,30968.12,0.00,1724.75,11199.44,579120.03,94958.04,976.57,48941.01,224.71,57606.55,301138.11,51333.30,1393882.68,608223.93,19418.25,1963.79,1526.10,75483.29,0.00
1194989.69,343094.18,33549.11,113801.75,40916.28,74231.87,18033.26,700.06,68155.81,3140.62,29512.48,11151.02,1241.84,7831.84,1454.81,8238.90,320075.91,460.91,70226.87,113588.49,10181.01,72320.18,103362.81,3078.60,23170.58,11569.34,16153.87,1307.47,251460.09,928024.30,29665.15,15751.66,6015.47,55438.00,38788.56,732200.52,789104.06,137532.36,577604.39,647263.17,371599.54,650569.52,860891.85,412985.65,1208251.43,200720.44,791078.89,11528756.58,625739.52,69565.68,44038.04,297543.57,208320.43,1408927.22,594208.08,28537.20,574615.68,162062.54,586775.75,597592.64,882394.02,651829.06,130388.44,748472.75,1277764.42,873554.95,34666.18,9927.07,35768.89,36416.21,56895.04,704673.43,135494.96,14205.15,1049378.08,47124.39,7815.25,1186.74,1655735.73,1798713.01,1195244.00,210878.28,168022.54,502262.35,527004.23,17577.99,206045.93,98200.31,12954.03,451006.27,15769.19,8561.03,4566.97,173591.92,2645644.93,96213.73,89589.89,74807.28,6122.54,260.83,73381.25,76922.21,4899.14,611531.63,266482.05,696342.79,89580.91,118556.28,179720.01,48003.13
2206523.58,633516.26,61947.73,210132.56,75551.07,137067.60,33298.03,1292.65,125848.28,5799.08,54494.18,20590.12,2293.03,14461.32,2686.27,15212.95,591013.51,851.06,129672.45,209738.78,18799.02,133537.70,190857.27,5684.57,42783.99,21362.54,29827.79,2414.22,464315.81,1713577.54,54776.08,29085.10,11107.43,102365.11,71622.26,1351993.01,1457064.21,253950.64,1066534.48,1195157.96,686150.82,1201263.07,1589618.88,762569.41,2231011.09,370626.12,1460710.69,21287608.89,1155415.00,128451.58,81315.33,549408.01,384659.34,2601554.76,1097192.85,52693.34,1061015.89,299245.11,1083469.20,1103442.36,1629322.18,1203588.78,240759.54,1382039.35,2359365.39,1613001.01,64010.37,18330.13,66046.51,67241.77,105055.51,1301164.82,250188.61,26229.52,1937654.76,87014.20,14430.70,2191.28,3057281.53,3321286.10,2206993.14,389382.36,310250.13,927416.97,973102.34,32457.39,380459.51,181324.83,23919.34,832773.68,29117.48,15807.76,8432.81,320533.86,4885128.26,177656.64,165425.87,138130.09,11305.13,481.63,135496.94,142035.25,9046.17,1129180.42,492053.55,1285782.46,165409.29,218911.69,331849.25,88636.78
958.69,275.25,26.92,91.30,32.83,396.63,14.47,0.56,174.87,2.53,23.68,8.95,2.05,6.28,1.17,48.06,5084.28,0.37,56.34,91.13,8.17,58.02,83.25,2.47,18.59,9.28,12.96,1.05,201.74,744.52,23.80,12.64,4.87,44.48,425.24,627.37,764.71,113.39,577.72,544.60,299.22,1038.56,1407.38,1399.07,1080.08,192.45,860.37,9626.37,546.41,149.68,181.71,248.42,1462.04,8291.19,6555.41,711.32,1570.57,481.22,3403.59,2116.20,1449.75,6139.20,4120.44,10307.39,32698.07,2000.69,220.46,61.82,39.69,61.46,401.17,565.33,236.61,11.40,841.87,37.81,8.95,0.95,1328.33,1443.04,958.90,248.63,666.10,61958.98,85089.75,1636.54,220.86,100.79,20.16,1103.25,110.94,1711.51,1715.64,579.46,2440.89,22916.16,991.27,92.80,658.46,6.20,234.54,3200.62,514.68,1170.52,7310.64,664.40,90.10,100.53,335.77,38.51
102688.18,35355.67,15386.11,27798.60,4555.36,22394.54,2174.21,54.56,6314.21,213.43,39222.45,13525.18,91.80,870.51,2782.72,114180.82,26696.28,31.44,8847.99,12744.50,673.40,5431.47,8639.52,208.66,1518.41,970.63,2294.64,314.91,23373.08,76935.23,197475.09,1032.89,395.18,396276.44,11478.49,48496.79,60017.21,9339.07,79589.33,73089.64,24495.16,71037.14,69179.98,59630.00,113700.35,14867.52,58471.35,865675.90,95300.58,12377.25,8229.89,19981.89,56974.38,515176.44,595156.19,20450.40,89762.67,26115.13,112220.50,298548.52,428537.00,467829.47,50424.88,257239.13,590654.01,459890.95,29640.57,6350.48,2647.80,2782.37,8949.89,57500.04,47898.89,929.89,78997.71,3194.37,547.90,657.60,222569.38,1061653.83,1053664.01,591362.81,15178.77,1173485.22,1609804.95,1150.68,778234.25,130961.02,2556.51,29610.48,3805.07,4810.25,50936.60,12519.59,213040.06,184826.93,56413.66,6446.97,10110.46,131.08,35781.58,156195.29,10742.62,553928.00,73884.06,50818.84,6133.82,8998.94,108070.42,3967.97
37456.06,6163.42,538.55,1826.81,656.81,1191.61,335.44,11.57,1094.08,50.42,5808.86,179.00,19.93,125.72,23.35,132.26,14535.34,7.40,2837.09,6907.85,163.43,1160.93,1725.94,49.42,371.95,421.94,259.31,20.99,22871.87,30760.84,821.82,330.86,99.91,889.92,17525.65,12126.46,31906.54,2286.14,24866.17,15964.75,5973.80,23569.79,37995.61,125051.96,52542.21,12923.41,22951.60,263301.99,162576.99,12459.67,8035.40,5995.22,74015.42,774298.98,588827.99,24871.93,53779.47,59633.24,470558.26,379373.86,278951.55,143302.78,155888.12,371427.43,429847.13,745121.76,86504.02,1429.63,722.33,2513.93,6842.72,26967.83,106535.63,228.03,16845.25,756.47,125.46,19.05,26578.86,28874.02,19186.77,4339.97,50203.79,8062.62,8459.79,282.17,337056.10,361661.61,1106.04,7239.82,285.01,52130.23,1159.28,3339.62,42469.48,655432.91,14906.41,1516.43,2774.73,53.36,3446.42,67077.33,10792.28,476316.17,266632.58,11555.24,1438.01,4480.87,46804.20,770.58
12506.42,5478.22,3436.94,11969.20,1193.22,39.32,151.45,87.24,138.69,1.74,4681.28,2237.16,9.10,570.26,489.94,61.15,1007.07,1.13,126.48,5502.08,4.27,49.56,559.78,1.28,19.65,71.78,6619.69,54.21,4509.21,2797.58,33.58,29.11,4.73,122604.40,1031.41,339.60,1400.75,117.16,747.42,3041.47,180.59,8509.28,5059.53,6493.46,2677.45,428.68,1638.63,12458.15,3501.93,1487.89,405.04,202.86,834.37,41608.72,9402.50,1445.58,23146.96,2889.08,38097.49,13462.73,2629.73,1450.89,12172.64,32481.29,4836.69,58895.22,1473.65,205.83,263.38,2306.87,1547.00,14687.84,404.92,2245.36,49760.06,1068.50,187.28,405.32,4131.22,747.64,512.04,15813.01,199.29,46909.48,165478.65,33023.84,166471.90,790.20,10610.83,487.12,2351.43,4093.99,614.36,287.21,18734.06,14598.26,4835.01,171.16,3779.75,133.67,623.62,4211.64,2387.59,119483.14,20264.21,946.28,9402.43,185.01,13984.71,226.69
32619.24,11283.13,1256.18,2734.79,927.87,1827.65,1075.77,40.38,1501.58,69.75,2442.36,5093.06,1097.14,417.32,37.12,289.96,11299.09,63.05,2130.59,3185.17,225.07,1965.60,3049.18,67.81,701.87,351.95,653.16,158.05,28742.41,20545.07,7756.53,942.69,187.10,9045.99,9088.37,21379.47,30558.75,3433.97,20358.07,34054.40,9072.15,77676.85,77719.26,184065.44,44720.66,6186.13,41556.57,561130.74,77667.69,18838.40,4812.40,7721.27,14952.01,264261.39,103817.54,24344.56,159927.51,32744.68,78048.44,354976.15,39751.56,294352.21,81848.71,59333.82,462338.42,397818.06,24243.44,2546.05,1503.50,20014.16,19508.83,55189.08,15079.74,21817.36,693843.55,21087.04,2919.11,110.96,102279.88,88269.44,26457.76,145623.96,7886.65,78349.18,885756.07,147847.88,1831863.56,211069.52,752.57,5205294.41,41833.58,70083.85,4014.31,28494.43,72737.15,1006899.40,42344.80,7099.69,73977.45,885.87,286266.91,38919.83,216206.36,5363274.89,1144556.69,118243.26,119856.51,17926.44,90560.34,9329.04
25335.97,8072.35,1749.25,2125.51,739.32,1367.68,516.81,21.61,1105.18,50.31,5808.81,671.55,121.76,353.58,125.59,199.33,8358.17,24.43,1287.55,2082.11,162.93,1301.63,2151.37,49.19,418.09,224.58,381.31,43.81,6461.35,14880.90,770.81,326.74,105.40,9357.42,3336.74,13106.60,15915.76,2292.99,11149.29,14245.97,6175.48,19417.09,25371.17,23591.92,23714.94,3910.31,20931.90,237127.38,17584.42,13310.92,2774.61,5053.75,8473.94,464317.93,81252.18,3656.38,67145.47,16894.65,36303.61,38382.67,36331.47,131223.27,42807.60,43492.03,73931.14,183782.07,6444.19,1188.56,1005.96,3113.84,6728.52,15302.15,3686.97,4766.29,88401.26,4552.62,1364.12,66.08,38228.64,28762.33,19129.01,23303.51,3142.61,74250.00,146542.04,34693.55,96762.56,52481.20,7966.92,1437305.33,407959.67,1342.67,1199.48,5078.54,43577.31,63267.23,3839.31,1978.92,14689.98,463.09,2247.87,21657.10,117.27,118078.60,33497.94,17493.83,6730.54,2759.40,6516.65,2539.86
26153.97,10954.75,1825.62,807.20,94.77,572.61,2051.64,69.01,2.54,0.15,1879.49,1405.51,777.66,235.66,17.93,238.00,659.38,63.20,599.26,2042.06,3.09,1887.00,8861.82,0.05,676.17,282.16,1049.49,456.07,7855.71,384.86,1433.74,1888.80,183.29,26977.50,1995.79,2382.01,38571.16,820.24,29336.76,6795.63,2357.12,84639.09,184764.56,100465.68,19508.95,20894.74,71313.28,26621.05,5368.67,156651.60,8645.14,4876.03,3159.85,57004.21,69626.16,52091.41,1324256.03,172916.39,174132.85,204097.06,141930.12,119888.84,265064.24,47861.23,53707.73,246435.73,58335.55,2793.81,11106.31,45051.12,176683.10,190867.89,14286.48,67404.01,3157188.45,77593.11,45532.32,299.31,232240.75,34.77,481.71,1013.83,17411.48,203130.24,111186.40,37736.80,171481.01,38740.08,1476.38,160782.96,212992.55,1508770.16,17061.72,2899.02,340.21,990.09,2535.99,6712.36,93336.27,2872.90,123560.09,7111.38,41899.30,17454.70,216047.20,150607.89,400912.02,4880.38,12532.26,22118.11
30204.96,22503.98,9006.98,32567.63,1624.26,4027.54,2651.58,32.17,1004.62,2.91,42881.19,6513.71,231.21,1010.80,351.03,1622.64,13799.24,79.23,13455.38,1669.86,0.13,99.38,10287.32,0.62,148.63,67.85,3939.41,24.98,8141.71,4950.44,1082.97,228.33,14.25,105551.21,51740.43,5964.85,1574.06,28.08,1225.94,632.36,61.17,9900.92,7618.45,20673.87,1287.13,1179.99,3628.78,2938.99,277.47,17793.30,303.15,166.43,140.35,3408.22,2679.35,1180.72,92605.81,4320.68,6315.64,35040.13,4448.15,15136.20,20180.72,2256.33,1951.44,11634.86,3782.61,112.22,1453.78,1189.17,13897.87,1302.38,1085.75,5436.00,310466.18,12897.65,6031.83,49.54,85790.43,862522.45,294164.26,98603.71,342.04,146167.82,450175.48,38769.69,472984.76,41104.70,59.90,3624.24,71749.27,167.72,343520.43,26808.50,65532.21,285492.36,353.76,2965.51,19942.31,1164.03,428.24,46596.24,27.58,71210.53,52438.51,68807.79,24496.04,2671.42,59791.77,6012.54
1177.07,276.63,47.96,37340.95,2.49,34.01,74.92,2.48,667.35,0.05,51.02,35.89,19.97,18.94,12319.76,108.07,827.82,1.66,39.91,70.90,0.08,36.13,86.42,0.00,17.76,17.96,346.04,43.98,292.70,1631.21,37.66,124.36,4.15,3964.20,2457.74,62.57,1013.13,86.74,2569.28,2666.90,28.95,18697.66,10520.95,252503.77,1789.21,726.72,14568.71,54436.14,4590.36,8359.92,916.99,189.68,4271.93,691.06,108614.49,2503.76,73170.40,6133.16,43222.27,45816.35,3161.95,15831.02,6833.99,3756.33,40001.10,80563.20,413.06,108.90,76.48,1539.01,4253.23,2270.10,937.33,1570.71,85798.03,1872.57,10229.00,7.86,35095.28,477793.10,14.02,217522.00,7528.75,63769.96,200867.69,1060.40,67747.96,66051.46,1044.74,153436.48,25447.01,6866.87,894.05,17966.03,18257.17,452678.28,58152.79,446.76,24637.63,339.17,18694.81,89755.01,11245.29,916932.85,21664.62,23167.06,16375.17,1411.45,3790.69,520.85
6081.89,48608.84,2222.01,148901.32,1165.23,119.18,371.10,10.24,3316.53,0.12,8967.26,108.16,107.04,497.82,353.26,526.50,405.92,10.53,222.01,2599.95,0.32,149.20,374.64,0.01,69.92,70.01,1321.21,588.10,1119923.98,54411.98,6288.23,158.11,15.24,137705.11,8213.79,446.95,8584.93,355.50,4691.81,101884.69,150.07,18469.08,53193.16,46006.31,4117.63,3628.74,75758.23,498040.52,33415.08,43104.22,12958.41,1311.14,107620.92,1471676.72,461213.77,21565.40,318243.68,66279.90,226156.72,1488183.34,8541.77,5720.50,14139.29,7604.55,9161.82,58406.46,5184.44,941.72,570.82,3302.08,35261.08,6627.05,5125.26,7828.75,209377.78,7451.30,1012.96,543.97,48196.31,270679.45,49.82,21611.74,73935.93,70279.75,389667.50,23646.35,608889.03,38200.16,2482.80,2949938.61,23013.91,16185.57,20647.06,162489.92,989128.48,553896.67,181685.83,2008.63,16788.67,716.21,25269.84,321245.90,81517.62,391568.44,481046.13,1120815.27,28415.28,10140.84,4793.23,1452.91
1043.39,1311.47,213.43,96.42,1408.17,422.03,588.66,17.58,191.17,0.65,2256.22,963.62,169.12,391.38,943.85,155.26,11568.75,3.06,401.96,866.30,6.71,116.51,217.15,0.24,2.16,28.73,809.76,195.52,6692.86,162.24,9033.77,14.20,6.37,123428.70,40599.16,1628.53,27045.06,780.44,213105.53,154958.68,995.49,347509.62,189461.49,215022.42,51192.99,11996.49,3087.33,691772.29,24452.72,9692.32,1278.06,1932.96,122175.30,581749.91,1588626.52,20431.41,113165.51,223696.38,1684132.22,1817113.35,23601.07,0.00,465570.98,22633.14,10857.72,139823.74,14485.18,20688.67,507.10,1479.66,6855.82,4480.28,1342.15,0.81,569.42,1.91,13.71,2269.96,2994296.76,211.89,1621.84,1700743.68,5321.37,661367.95,6718614.89,20080.77,116735.42,145998.50,24178.42,746630.50,30172.67,296330.03,0.00,166.78,75170.60,16927866.99,2567342.90,6265.39,292983.27,1419.55,268302.32,990570.84,153229.35,4874051.36,6250113.92,208706.67,4324.68,35408.37,1350564.16,6738.90
67272.94,35136.05,1127.52,23268.32,812.36,3733.48,589.06,7.93,2240.71,2.66,102824.24,28395.29,928.16,737.39,21892.64,13548.52,1758.98,155.67,7229.14,2684.14,0.00,6.58,518.14,0.07,638.70,92.24,0.00,326.96,149846.06,103149.91,1049848.76,172.67,4.29,113832.44,13247.39,1619.53,35344.57,223.79,109542.24,50547.06,142.21,43895.70,52584.76,67867.21,166196.88,12413.82,11981.31,281817.03,21768.39,19050.19,6164.49,427.19,62281.65,1184178.30,1194072.68,12024.28,418292.65,38450.74,84601.92,131627.59,1366.74,3985.10,3552.69,19013.84,2454.25,3436.82,3020.24,4014.59,129.93,1839.53,11537.90,285.42,30664.89,558.40,96782.55,77.07,57708.88,768.11,6812577.02,3872169.10,4151.75,181904.89,20882.44,116594.56,1712029.24,5610.03,204985.11,38860.74,2433.27,143904.69,6149.66,7914.93,1069.51,6552.10,38112.66,463917.39,732693.68,5979.37,151458.21,1269.07,192733.09,22219.77,32213.62,1884713.39,31981.22,23110.10,3337.98,4887.77,11217.49,103.55
9970.22,2578.97,94.18,61.64,1.40,757.35,48.19,7.38,0.00,0.91,9.35,227.99,11.40,0.00,1122.47,171.72,47423.11,1.22,7.38,188.61,0.00,1.79,104.24,0.00,0.00,0.02,0.00,0.00,4098.81,20.12,267.59,2011.03,10.25,438242.27,15.83,238.90,0.15,2.41,66.46,54.88,6.50,5841.36,44.36,465.34,301.97,192.19,45.50,112.77,521.68,23959.29,41.86,87.15,84.62,2103.27,1255.19,1984.17,63368.46,4146.97,3943.34,4468.98,3264.88,1739.90,3137.34,3987.71,1.45,57.87,8.52,9.76,1.16,14.26,1379.92,10.44,93.22,620.14,1374840.07,3806.47,101262.18,1547.33,1570600.01,1443055.39,1.75,7778.66,1117.62,88860.41,659766.95,948.12,650433.85,77200.89,5206.04,167.59,51060.76,41035.87,232682.33,26152.34,28992.24,753144.35,13412.56,7952.67,169090.62,826.19,16872.69,56397.34,11823.61,627862.88,51114.11,54033.74,28472.84,7410.39,1303.90,33.18
0.00,0.00,0.00,0.00,0.00,0.00,16.65,0.12,0.00,0.00,3.32,267.35,0.52,1.88,0.07,1.36,0.76,0.93,9.26,7.14,0.00,0.91,9.55,0.00,0.00,0.04,0.42,0.06,7.21,3.77,23.45,1.72,0.00,57.85,79.33,56.54,0.25,4.20,110.91,48.97,174.58,2539.07,759.55,5482.77,479.05,329.01,258.54,143.31,6.58,9470.17,8.88,26.87,6.58,60.83,673.91,640.67,7132.08,4088.25,1204.50,2332.00,3652.39,3787.11,4405.09,1398.40,34.71,0.00,1545.76,14.15,0.75,6.69,8314.24,276.68,740.37,745.90,14822.30,19.52,4.61,0.00,0.00,0.00,0.00,25.44,1833.52,0.00,0.00,3555.96,3540989.22,17388.12,647.65,61.21,437.88,8474.16,1358.92,1726.32,125.02,0.00,499.48,6534.66,4713560.07,3292.82,35849.72,4425.61,138081.41,7003.45,26613.31,10928.19,77305.19,341.60,1351.52,3489.75
2941.48,219.80,21.95,8.02,1.33,13.04,3.49,0.51,0.11,0.00,53.47,18.71,13.91,33.45,14.86,1.36,24.40,7.85,20.46,0.51,0.00,8.73,11.75,0.02,0.01,1.09,28.97,6.15,1412.53,135.46,24577.92,13.97,0.84,2583.66,108.51,20.32,54.26,10.52,152.67,154.08,35.45,401.26,281.57,483.41,1593.32,42.79,356.28,681.64,32.31,1508.58,85.24,12.18,553.98,1271.26,1929.21,214.03,7097.11,1726.71,2179.26,5829.43,237.91,67.88,537.14,448.96,73.55,133.79,55.50,14.82,2.10,16.16,1.10,19.77,159.02,67.89,5582.95,0.40,38.23,20.37,0.96,0.00,682.07,4382.81,166.27,1799.22,0.00,425.33,12145.31,996.25,57.04,10070.84,463.87,5.49,49.41,269.90,83.82,21091.06,6189.87,11.20,226.86,359.99,374.92,8770.38,7.25,13519.94,4033.24,1707.11,6.04,74.00,385.09,9.95
2554.39,0.00,0.00,0.00,0.00,0.00,0.00,0.00,0.00,0.09,0.00,0.00,0.00,19.03,0.00,0.00,29.42,40.26,0.00,1068.77,0.00,0.00,82.48,0.00,0.00,0.00,0.00,0.00,0.00,0.00,0.00,21259.10,144.87,0.00,0.00,8039.09,0.00,0.00,0.00,0.00,0.00,0.00,0.00,0.00,0.00,0.00,0.00,0.00,0.00,0.00,0.00,0.00,0.00,0.00,0.00,0.00,0.00,0.00,0.00,0.00,0.00,0.00,0.00,0.00,0.00,0.00,0.00,0.00,0.00,0.00,34688.69,0.00,0.00,0.00,0.00,0.00,0.00,0.00,192610.82,4350.40,119771.72,630.56,5311622.78,67094.07,0.00,17393.71,334681.98,2884.74,0.00,14833.79,175247.75,588558.39,9461.71,0.00,7206.55,27362.64,359.30,886.83,36852.55,602.82,3011876.93,92519.38,3173349.48,34013.13,54545.78,50925.78,488593.75,3037.66,1400.05,0.00
49491.41,6310.54,5517.28,16203.80,101.89,549.80,288.01,6.32,276.97,0.71,29.23,286.98,2.74,306.92,2173.80,37261.08,1604.45,0.00,39.50,43.87,0.06,282.46,24.98,0.22,3.52,87.46,1230.51,10.15,2384.38,4022.86,454764.17,0.00,0.00,643617.68,6.70,173.56,35.18,20.73,9.31,2234.29,3.28,1371.70,647.12,2042.64,940.98,92.43,1000.17,4.66,16.84,9.40,1.29,6.52,89.34,1756.29,3159.68,1977.94,3731.10,200.01,596.72,0.00,398.05,398.94,0.00,142.65,8574.33,7672.15,1.73,506.20,57.84,27.93,0.00,3281.83,59.61,1171.03,34629.33,3566.62,17186.15,1196.57,2614713.06,1868982.66,58130.51,20392.86,0.00,132735.06,167898.38,98.23,219649.18,0.00,23228.25,203923.98,13678.53,0.00,18224.28,621.78,11325.67,520445.21,65568.75,2279.95,15845.72,179.40,0.00,137682.49,0.00,109699.65,26055.71,30446.56,0.00,3792.26,24153.95,0.00
72849.07,1212.24,821.68,59.06,4.41,16.05,35.92,0.25,0.00,0.00,257.24,0.00,0.00,20.59,0.42,97.51,0.00,51.47,0.00,0.00,0.00,243.18,5.12,0.00,0.00,0.00,108.67,0.00,997.22,504.12,0.00,1888.82,58.70,583091.69,0.00,258.06,0.00,0.00,823.60,1982.29,303.40,9041.21,8007.74,5871.87,2321.93,1330.13,28900.19,305.02,407.09,32909.16,31.07,1092.51,508.33,14527.63,3866.84,10610.47,52900.34,17983.29,20821.32,139126.75,36914.76,16055.72,41488.94,7686.26,167.91,0.00,26.07,129.03,391.48,167.51,101022.72,3915.75,1700.98,5286.37,581959.55,0.00,1361.64,0.00,0.00,0.00,0.00,845.24,190272.29,0.00,0.00,0.00,0.00,165850.23,14318.92,0.00,110704.35,460281.39,9744.56,85786.82,487.32,0.00,2582.88,256.50,105106.79,29401.56,1118900.73,0.00,270606.66,31681.50,795170.52,103786.18,172720.83,1779.58,10402.43,10233.77
870.48,668.29,279.66,3732.71,615.69,1193.33,118.01,0.04,391.86,0.06,20.72,58.28,0.00,0.33,0.00,0.00,0.00,0.00,0.00,105.04,0.00,10.21,1.67,0.01,0.01,0.00,0.00,0.00,136.33,182.00,0.00,0.01,0.00,24439.70,41.97,68.73,649.57,3.64,8871.76,704.19,3.03,1089.28,1558.81,1477.35,5966.02,12.32,178.93,91.94,533.63,48.00,109.61,7.77,1500.96,10293.06,1482.26,672.80,1818.06,383.11,384.91,5.33,2.52,0.12,408.71,826.61,499.17,2579.70,48.05,16.54,1.55,31.07,7.59,1683.94,188.17,15.05,3631.99,22.87,23.10,0.01,1868.02,15584.60,0.11,1190.57,47.91,10602.02,59737.92,8.31,14754.90,1.75,53.48,1331.02,13.00,99.25,1337.57,12.96,4580.69,140442.47,8386.66,30.79,18164.76,5.95,4037.74,3330.66,531.71,7368.86,919.20,20.05,107.56,3.62,4723.39,1.76
567.82,137.24,88.23,180.37,0.22,26.66,1.43,0.21,0.04,0.00,31.55,26.56,0.01,0.93,0.01,1.84,278.31,2.54,5.78,1.18,0.00,9.43,0.63,0.00,1.20,0.02,0.44,0.11,29.49,6.85,1.69,0.72,0.11,3449.11,21.28,383.77,1.38,0.72,21.29,1.54,0.01,55.11,29.24,88.65,1.94,3.70,13.47,42.99,3.06,3.74,3.06,0.08,17.63,65.67,2.69,39.83,159.90,14.09,217.36,723.84,33.09,14.67,46.30,68.24,49.21,408.60,0.72,3.09,0.37,8.16,14.26,14.79,27.93,103.13,1305.92,62.79,197.29,8.32,474.73,12130.40,661.61,1056.69,207.83,2883.03,1028.12,859.94,4758.60,302.15,5.43,949.97,2290.85,55.19,1874.58,558.91,160.60,10376.91,1124.16,12.30,1342.58,101.37,481.27,1561.52,512.94,2810.74,95812.74,1044.88,445.67,74.46,370.26,73.90
0.00,0.00,0.00,0.00,0.00,0.00,0.00,0.00,0.00,0.00,0.00,0.00,0.00,0.00,0.00,0.00,0.00,0.00,0.00,0.00,0.00,0.00,0.00,0.00,0.00,0.00,0.00,0.00,0.00,0.00,0.00,40.58,0.21,8255.48,2128.86,0.26,282.21,10.66,420.77,8827.57,25.86,4216.01,3258.47,1846.01,5715.84,20.75,868.08,2260.17,57.40,389.71,0.00,27.34,2120.13,4330.68,0.00,1997.41,17361.49,3092.06,22634.85,84214.22,450.10,783.34,126.63,7477.57,511.72,2211.36,141.22,0.69,3.07,3.96,835.90,130.88,118.25,0.00,0.00,0.00,0.00,364.71,0.00,0.00,0.00,16645.99,4562.96,0.00,0.00,577.45,1143.19,321.35,19.70,5285.47,97.98,3606.62,0.00,974.21,19.23,26038.45,7841.20,266.91,13376.10,13.50,7664.77,45238.42,9624.37,19193.58,6887.25,16438.75,2366.11,158.91,8227.86,0.00
400.22,121.45,0.00,0.00,0.00,91.51,0.00,0.00,0.00,0.00,12.35,0.00,0.00,0.00,0.00,0.00,0.00,0.00,0.00,13.77,0.00,0.00,0.00,0.00,12.32,0.00,0.00,0.00,0.00,0.00,0.00,0.00,0.00,0.00,0.00,0.00,0.00,0.00,1.55,1.31,6.42,0.00,0.00,69.06,24.67,35.82,0.00,0.00,6.21,211.87,0.07,3.93,0.48,53.88,6.15,34.31,298.59,0.00,859.77,1028.56,27.09,66.28,593.33,180.84,15.96,33.74,55.99,0.44,7.11,11.10,23233.80,5.11,39.57,202.21,7148.60,23.87,8.28,5.09,1392.89,535.23,2380.35,0.00,73758.46,5695.25,0.00,112.83,4716.47,3951.17,19.22,7.14,6352.52,138918.34,68.66,779.33,239.79,394.93,1.18,21.93,5149.34,533.95,374372.49,2916.50,177845.61,1.88,12748.03,2012.36,1029311.48,507.05,218.84,189.57
0.00,0.00,0.00,0.00,0.00,0.00,0.00,0.00,0.00,0.00,0.00,0.00,0.00,0.00,0.00,0.00,36.37,0.00,0.00,0.00,0.00,0.00,0.00,0.00,0.00,0.00,0.00,0.00,0.00,0.00,0.00,0.00,0.00,0.00,16.74,0.26,49.46,26.37,244.29,485.93,2.92,1382.29,1.23,1120.92,0.51,0.18,145.52,7821.45,0.12,1.93,8.33,0.07,3432.89,18618.17,0.59,902.10,3.31,48.16,53879.35,14371.55,30.03,234.81,14.75,13.22,0.04,80.86,261.88,25.64,0.13,16.09,491.22,0.17,0.34,0.28,2.49,0.04,0.03,0.00,0.00,0.00,0.00,0.25,0.00,0.00,0.00,3.49,0.00,10.61,0.66,6741.50,21.51,1064.86,0.07,4.55,247.02,12786.81,3421.60,28.06,1408.57,6.60,3865.52,10351.52,2559.63,4906.61,15613.46,1.46,4.99,3730.50,3441.88,1.33
0.00,0.00,520.96,17.55,0.00,0.00,7.11,109.85,11.88,8.53,25866.45,4085.92,66.64,623.98,7916.39,824.38,0.00,0.00,0.00,10.56,0.00,0.00,0.00,0.00,0.00,0.00,0.00,1463.83,0.00,0.00,571.25,123.70,0.90,46922.57,7855.09,11.53,0.00,55.42,95.00,3256.98,93.71,3728.88,14309.49,19752.68,0.00,42088.57,18543.17,0.00,143.52,50149.45,0.00,0.00,27472.21,133199.56,0.00,16816.47,148967.06,0.00,53925.03,0.00,60994.51,56738.45,1291.46,5936.99,104996.47,134010.13,133.30,56.36,33.12,0.00,54.78,2342.64,686.84,0.00,75704.91,0.00,532.89,0.00,2309745.82,0.00,0.00,272197.26,0.00,0.00,56008.64,2037.23,421133.63,0.00,2823.19,2816.32,744.38,14492.74,0.00,9034.14,3444.25,4950.06,31173.64,1862.88,59830.13,2111.85,2344.70,13918.20,85667.84,95481.00,1298787.64,4346.33,84726.64,4165.34,77722.37,4167.54
3338.58,183.25,35.74,186.14,16.94,11.85,3.50,0.11,11.34,0.03,217.69,25.61,7.64,18.96,23.39,89.08,203.76,4.53,67.84,12.24,0.83,8.48,15.11,0.02,1.52,1.00,18.44,3.06,318.34,270.36,1865.80,2.69,0.02,1022.38,50.76,71.48,181.72,4.15,76.33,201.77,31.91,310.48,247.00,292.14,614.44,43.60,85.93,726.12,332.08,24.94,23.88,2.79,135.35,1447.39,776.73,122.47,1881.57,312.79,991.40,1219.34,454.37,818.47,624.08,640.85,1341.21,1475.32,72.71,18.15,1.25,44.31,148.69,924.53,154.83,33.51,3509.04,60.02,39.11,4.90,11700.13,7632.90,2285.38,655.20,171.48,640.98,3328.01,7.42,1350.70,1705.90,34.53,365.84,2139.24,44.80,209.84,71.52,480.81,3588.89,205.01,5.05,176.65,23.25,556.95,696.78,48.75,1681.71,1862.91,238.93,7836.58,13.59,425.73,154.29
